#SKD101|u0170300_kmkom|11|2016.10.14 09:56:12|850|3|14|9|79|9|14|2|306|409|4|1

DROP TABLE IF EXISTS `mcat_attr_groups`;
CREATE TABLE `mcat_attr_groups` (
  `id` int(3) NOT NULL AUTO_INCREMENT,
  `name` varchar(100) NOT NULL,
  PRIMARY KEY (`id`)
) ENGINE=InnoDB AUTO_INCREMENT=5 DEFAULT CHARSET=utf8;

INSERT INTO `mcat_attr_groups` VALUES
(1, '???'),
(3, '???????'),
(4, '??????');

DROP TABLE IF EXISTS `mcat_attrs`;
CREATE TABLE `mcat_attrs` (
  `id` int(11) NOT NULL AUTO_INCREMENT,
  `name` varchar(20) NOT NULL,
  `title` varchar(100) NOT NULL,
  `type` int(11) NOT NULL,
  `value` text NOT NULL,
  `unit` varchar(10) NOT NULL,
  `options` int(11) NOT NULL,
  `group` int(11) NOT NULL,
  PRIMARY KEY (`id`)
) ENGINE=MyISAM AUTO_INCREMENT=15 DEFAULT CHARSET=utf8;

INSERT INTO `mcat_attrs` VALUES
(1, 'kolichestvo-yader', '?????????? ????', 2, '', '', 0, 0),
(2, 'chastota', '???????', 2, '', '???', 0, 0),
(3, 'socket', 'Socket', 7, 'AM1\nAM2\nAM2+\nAM3\nAM3+\nFM2\nFM2+\nLGA 775\nLGA 1150\nLGA 1151\nLGA 1155\nLGA 1156\nLGA 2011\nLGA 2011-3', '', 0, 0),
(4, 'obem-kesha-l1', '????? ???? L1', 2, '', '??', 0, 1),
(5, 'obem-kesha-l2', '????? ???? L2', 2, '', '??', 0, 1),
(6, 'obem-kesha-l3', '????? ???? L3', 2, '', '??', 0, 1),
(7, 'obem-pamyati', '????? ??????', 2, '', 'M?', 0, 4),
(8, 'slicrossfire', 'SLI/CrossFire', 1, '', '', 0, 0),
(9, 'razryadnost-shiny', '??????????? ????', 2, '', '???', 0, 0),
(10, 'tip-pamyati', '??? ??????', 7, 'GDDR2\nGDDR3\nGDDR5\nGDDR5X\nHBM', '', 0, 4),
(11, 'bp-recomend', '????????????? ???????? ????? ???????', 2, '', '??', 0, 3),
(12, 'versiya-pci', '?????? PCI Express', 7, '2.0\n2.1\n3.0', '', 0, 0),
(13, 'doppitanie', '??????? ??????????????? ???????', 7, '???\n6 pin\n6+6 pin\n6+8 pin', '', 0, 3),
(14, 'descr', '????????', 6, '', '', 1, 0);

DROP TABLE IF EXISTS `mcat_brands`;
CREATE TABLE `mcat_brands` (
  `id` int(11) NOT NULL AUTO_INCREMENT,
  `name` varchar(250) NOT NULL,
  `url` varchar(250) NOT NULL,
  `img` varchar(10) NOT NULL,
  `descr` text NOT NULL,
  PRIMARY KEY (`id`)
) ENGINE=MyISAM AUTO_INCREMENT=10 DEFAULT CHARSET=utf8;

INSERT INTO `mcat_brands` VALUES
(1, 'AMD', '', '1.jpg', ''),
(2, 'Intel', '', '2.jpg', ''),
(3, 'Asus', '', '3.jpg', ''),
(4, 'Gainward', 'http://www.gainward.com/', '4.jpg', '<table border=\"0\" cellpadding=\"0\" cellspacing=\"0\" style=\"width:100%\">\n	<tbody>\n		<tr>\n			<td>\n			<table border=\"0\" cellpadding=\"0\" cellspacing=\"0\" style=\"width:100%\">\n				<tbody>\n					<tr>\n						<td><strong>???? ?????????: 1984 ???</strong></td>\n					</tr>\n				</tbody>\n			</table>\n			????????????: ???????????? ? ??????? ?????????<br />\n			?????? ? ?????? ???????? PALIT Group (??????? ????? VGA ?????????)<br />\n			???? ? ??????: 20 ???????????\n			<p> </p>\n\n			<table border=\"0\" cellpadding=\"0\" cellspacing=\"0\" style=\"width:100%\">\n				<tbody>\n					<tr>\n						<td><strong>???? ?????????????????:</strong></td>\n					</tr>\n				</tbody>\n			</table>\n			????-???????? ? ??????(???????) <br />\n			??????????? ??????????? ?????????????????  ? ??????? (????????)<br />\n			????? ?????? ? ?????</td>\n		</tr>\n	</tbody>\n</table>\n\n<table border=\"0\" cellpadding=\"0\" cellspacing=\"0\" style=\"width:100%\">\n	<tbody>\n		<tr>\n			<td> </td>\n		</tr>\n		<tr>\n			<td><strong>???? ???????????????? ?????????:</strong></td>\n		</tr>\n		<tr>\n			<td>Shenzhen (?????).<br />\n			Wugu Taipei (???????).</td>\n		</tr>\n	</tbody>\n</table>\n'),
(5, 'Gigabyte', 'http://www.gigabyte.ru/', '5.jpg', '<p>???????? GIGABYTE ???? ???????? ? 1986 ???? ? ? ??? ??? ???????? ?????????? ??????? ?? ????? ????????????? ??-??????????. ??????? ?????? ???????? ???????? ????????????? ???????? ?????????? ? ?????????? ??????? ?????????? ????????. ???????????? ???????? ?? ??????? ?????, ???????? GIGABYTE ? ????????? ????? ?????????? ? ???????????? ??????????? ? ??????????? ?????, ???????????? ?????????? ??? ??, ?????????? ?????????? (??????? ??????? All-In-One), ????????, ?????????? ??????????, ??????? ????????????, ??????? ? ????????? ????????. ??????? ?????? ????????? GIGABYTE ????????? ???????? ???????? ? ???????????? ??????? ???????????? ? ?????? ????????. </p>\n'),
(6, 'MSI', 'https://ru.msi.com/', '6.png', '<p>??????? ??????? ??????? ??????? ?????????, ???????? MSI ?????? ????? ????? ???? ????? ???????? ????????? ??????? ? ???? ???????? ? ???????????. ?? ????????? ?????????? ?????????? ????? ? ??????? ???????? ??????? ? ????????? ????? ??????????? ????? ???????? ????, ??????????? ?? ??????, ?????? ? ???? ? ???????? ????? ?????????. ?????????????? ? ?????????? ? ???????????? ????????????? ???????????? ?????? ????????? MSI ????????????? ????????????? ???? ? ??????????? ???????? ? ????????? ?????????????? ?? ???????????.</p>\n'),
(7, 'Palit', 'http://www.palit.com/palit/index.php?lang=ru', '7.jpg', '<p>???????? Palit Microsystems Ltd., ?????????? ? 1988 ????, ???????? ????????? ???????????? ????????, ?????????? ??????? ? ????????????? ??????????? ???????????. ??????? ????? ?? ???????? ?????????????? ??????????? ??? ??, Palit ?????????? ????????? ?????????? ????????? ???????? ???????? ?? ????? ????. ???????? ???? Palit ?????????? ? ?????? ?? ???????, ????????????? ????? ? ????????, ??????? ? ??????????? ?????, ? ???????? ????????? ?????? ????????. Palit ??????? ????????? ???? ?????? ? ????? ???????????? ?? ????? ?????????. <br />\n </p>\n'),
(8, 'Point of View', 'http://www.pointofview-online.com/default.php?content_id=35', '8.jpg', '<p>???????? Point of View ???? ???????? ? 2000 ???? ? ???????? ?????? ????????? ?????????????? ??????????? ????????? ?? ???????? NVIDIA. ? ??????? ????????? ???????? ??????? ??????????? ????????? ? ?????? ????? ?????? ? ?????????????? ??????????, ? ??? ????? ??????? ????????? ? ????? ??? 70 ??????? ?? ????? ????.</p>\n'),
(9, 'Sapphire', 'http://www.sapphiretech.com/default.asp?lang=rus', '9.jpg', '<p>???????? SAPPHIRE Technology - ??????? ????????????? ? ???????? ????????? ????????? ????????????? ???????????? ??????????? ??? ????????? ? ??? ????????????????? ?????????????. ????? ? ?????????? ? ???????????? ?????????, ???????? ?????????? ???????? ? ???? ??????????? ??????? ?????? ???????????????? ??????? ? ?????????? ???????. ???????? ???? ???????? ? 2001 ????, ????-???????? ????????????? ? ????????.</p>\n');

DROP TABLE IF EXISTS `mcat_images`;
CREATE TABLE `mcat_images` (
  `id` int(11) NOT NULL AUTO_INCREMENT,
  `id_tvr` int(11) NOT NULL,
  `index` int(11) NOT NULL,
  `name` varchar(60) NOT NULL,
  `caption` varchar(60) NOT NULL,
  PRIMARY KEY (`id`),
  KEY `id` (`id`)
) ENGINE=MyISAM AUTO_INCREMENT=81 DEFAULT CHARSET=utf8;

INSERT INTO `mcat_images` VALUES
(1, 1, 0, '1.jpg', ''),
(2, 2, 0, '2.jpg', ''),
(3, 3, 0, '3.jpg', ''),
(4, 3, 1, '4.jpg', ''),
(5, 4, 0, '5.jpg', 'Vishera'),
(6, 5, 0, '6.jpg', ''),
(7, 6, 0, '7.jpg', ''),
(8, 6, 2, '8.jpg', '???????? ??????'),
(9, 6, 3, '9.jpg', ''),
(10, 6, 4, '10.jpg', ''),
(11, 6, 5, '11.jpg', ''),
(12, 6, 1, '12.jpg', '???????'),
(13, 1074, 0, '13.jpg', ''),
(14, 1031, 0, '14.jpg', '????????? AMD Athlon 64 X2 4200+ Windsor (2200MHz, AM2, L2 1'),
(15, 1032, 0, '15.jpg', '????????? AMD Athlon 64 X2 4400+ Brisbane (2300MHz, AM2, L2 '),
(16, 1030, 0, '16.jpg', '????????? AMD Athlon 64 X2 4600+ Brisbane (2400MHz, AM2, L2 '),
(17, 1029, 0, '17.jpg', '????????? AMD Athlon 64 X2 4800+ Brisbane (2500MHz, AM2, L2 '),
(18, 1027, 0, '18.jpg', '????????? AMD Athlon 64 X2 5400+ Brisbane (2800MHz, AM2, L2 '),
(19, 1026, 0, '19.jpg', '????????? AMD Athlon 64 X2 5600+ Windsor (2800MHz, AM2, L2 2'),
(20, 1025, 0, '20.jpg', '????????? AMD Athlon 64 X2 6000+ Windsor (3000MHz, AM2, L2 2'),
(21, 1023, 0, '21.jpg', '????????? AMD Athlon II X2 215 (2700MHz, AM3, L2 1024Kb)'),
(22, 1022, 0, '22.jpg', '????????? AMD Athlon II X2 250 (3000MHz, AM3, L2 2048Kb)'),
(23, 1021, 0, '23.jpg', '????????? AMD Athlon II X3 450 (3200MHz, AM3, L2 1536Kb)'),
(24, 1018, 0, '24.jpg', '????????? AMD Athlon II X4 640 Propus (3000MHz, AM3, L2 2048'),
(25, 1028, 0, '25.jpg', '????????? AMD Athlon X2 Dual-Core 4850e Brisbane (2500MHz, A'),
(26, 1017, 0, '26.jpg', '????????? AMD FX-4100 Zambezi (3600MHz, AM3+, L3 8192Kb)'),
(27, 1015, 0, '27.jpg', '????????? AMD FX-6300 Vishera (3500 MHz, AM3+, L3 8192Kb)'),
(28, 1020, 0, '28.jpg', '????????? AMD Phenom II X2  521 Regor (3500MHz, AM3, L2 2048'),
(29, 1019, 0, '29.jpg', '????????? AMD Phenom II X2 555Calisto (3200MHz, AM3, L3 6144'),
(30, 1016, 0, '30.jpg', '????????? AMD Phenom II X4 980 Black Deneb (3200MHz, AM3, L3'),
(31, 1024, 0, '31.jpg', '????????? AMD Phenom X3 8450 Toliman (2100MHz, AM2+, L3 2048'),
(32, 1014, 0, '32.jpg', '????????? Intel Celeron 430 Conroe-L (1800MHz, LGA775, L2 51'),
(33, 1013, 0, '33.jpg', '????????? Intel Celeron D 336 Prescott (2800MHz, LGA775, L2 '),
(34, 1010, 0, '34.jpg', '????????? Intel Celeron E1200 Allendale (1600MHz, LGA775, L2'),
(35, 1004, 0, '35.jpg', '????????? Intel Celeron E3200 Wolfdale (2400MHz, LGA775, L2 '),
(36, 1005, 0, '36.jpg', '????????? Intel Celeron E3300 Wolfdale (2500MHz, LGA775, L2 '),
(37, 998, 0, '37.jpg', '????????? Intel Celeron E3400 Wolfdale (2600MHz, LGA775, L2 '),
(39, 1006, 0, '39.jpg', '????????? Intel Core 2 Duo E4300 Allendale (1800MHz, LGA775,'),
(40, 1001, 0, '40.jpg', '????????? Intel Core 2 Duo E4400 Allendale (2000MHz, LGA775,'),
(41, 999, 0, '41.jpg', '????????? Intel Core 2 Duo E4500 Allendale (2200MHz, LGA775,'),
(42, 996, 0, '42.jpg', '????????? Intel Core 2 Duo E4700 Allendale (2600MHz, LGA775,'),
(43, 1002, 0, '43.jpg', '????????? Intel Core 2 Duo E6320 Conroe (1867MHz, LGA775, L2'),
(44, 997, 0, '44.jpg', '????????? Intel Core 2 Duo E6550 Conroe (2333MHz, LGA775, L2'),
(45, 994, 0, '45.jpg', '????????? Intel Core 2 Duo E6750 Conroe (2667MHz, LGA775, L2'),
(46, 992, 0, '46.jpg', '????????? Intel Core 2 Duo E7300 Wolfdale (2667MHz, LGA775, '),
(47, 991, 0, '47.jpg', '????????? Intel Core 2 Duo E7400 Wolfdale (2800MHz, LGA775, '),
(48, 989, 0, '48.jpg', '????????? Intel Core 2 Duo E7500 Wolfdale (2933MHz, LGA775, '),
(49, 993, 0, '49.jpg', '????????? Intel Core 2 Duo E8200 Wolfdale (2667MHz, LGA775, '),
(50, 990, 0, '50.jpg', '????????? Intel Core 2 Duo E8400 Wolfdale (3000MHz, LGA775, '),
(51, 988, 0, '51.jpg', '????????? Intel Core 2 Quad Q9400 Yorkfield (2667MHz, LGA775'),
(52, 985, 0, '52.jpg', '????????? Intel Core i3-2100 Sandy Bridge (3100MHz, LGA1155,'),
(53, 984, 0, '53.jpg', '????????? Intel Core i3-2120 Sandy Bridge (3300MHz, LGA1155,'),
(54, 983, 0, '54.jpg', '????????? Intel Core i5-2500S Sandy Bridge (2700MHz, LGA1155'),
(55, 982, 0, '55.png', '????????? Intel Core i5-3450 Ivy Bridge (3100MHz, LGA1155, L'),
(56, 1012, 0, '56.jpg', '????????? Intel Pentium 4 640 Prescott (3200MHz, LGA775, L2 '),
(57, 1007, 0, '57.jpg', '????????? Intel Pentium D 945 Presler (3400MHz, LGA775, L2 4'),
(58, 1011, 0, '58.jpg', '????????? Intel Pentium E2160 Conroe (1800MHz, LGA775, L2 10'),
(59, 1008, 0, '59.jpg', '????????? Intel Pentium E2180 Conroe (2000MHz, LGA775, L2 10'),
(60, 1009, 0, '60.jpg', '????????? Intel Pentium E2200 Conroe (2200MHz, LGA775, L2 10'),
(61, 1003, 0, '61.jpg', '????????? Intel Pentium E5300 Wolfdale (2600MHz, LGA775, L2 '),
(62, 1000, 0, '62.jpg', '????????? Intel Pentium E5400 Wolfdale (2700MHz, LGA775, L2 '),
(63, 995, 0, '63.jpg', '????????? Intel Pentium E5700 Wolfdale (3000MHz, LGA775, L2 '),
(64, 986, 0, '64.jpg', '????????? Intel Pentium G630 Sandy Bridge (2700MHz, LGA1155,'),
(65, 987, 0, '65.jpg', '????????? Intel Xeon X5450 Harpertown (3000MHz, LGA771, L2 1'),
(66, 971, 0, '66.jpg', '?????????? Asus 9600 GT 512MB 256bit'),
(67, 980, 0, '67.jpg', '?????????? Asus GT 520 1GB 64bit'),
(68, 957, 0, '68.jpg', '?????????? Asus GTX 660 2GB 192bit'),
(69, 973, 0, '69.jpg', '?????????? Gainward 9600GT 512MB 256bit'),
(70, 962, 0, '70.jpg', '?????????? Gainward GTS 450 1GB 128bit'),
(71, 962, 1, '71.jpg', ''),
(72, 962, 2, '72.jpg', ''),
(73, 963, 0, '73.jpg', '?????????? Gainward GTX 260 GS 896MB 448bit'),
(74, 945, 0, '74.jpg', '?????????? Gigabyte HD 4650 1GB 128bit AGP'),
(75, 978, 0, '75.jpg', '??????????'),
(76, 970, 0, '76.jpg', '?????????? Palit 9800 GT 512MB 256bit'),
(77, 964, 0, '77.jpg', '?????????? Palit GT 640 2GB 128bit'),
(78, 958, 0, '78.jpg', '?????????? Point of View GTX 560 1GB 256bit'),
(79, 950, 0, '79.jpg', '?????????? Sapphire HD 3650 512MB 128bit'),
(80, 952, 0, '80.jpg', '?????????? Sapphire X 1950 Pro 256MB 256bit');

DROP TABLE IF EXISTS `mcat_nodes`;
CREATE TABLE `mcat_nodes` (
  `id` int(11) NOT NULL AUTO_INCREMENT,
  `root` int(11) NOT NULL,
  `name` varchar(250) NOT NULL,
  `link` varchar(250) NOT NULL,
  `scomment` text NOT NULL,
  `fcomment` text NOT NULL,
  `img` varchar(150) NOT NULL,
  PRIMARY KEY (`id`),
  KEY `root` (`root`)
) ENGINE=MyISAM AUTO_INCREMENT=11 DEFAULT CHARSET=utf8;

INSERT INTO `mcat_nodes` VALUES
(1, 0, '??????????', 'procsessori', '2', '', ''),
(2, 0, '??????????', 'videokarti', '4', '', ''),
(3, 0, '??????????? ?????', 'materinskie-plati', '1', '', ''),
(4, 0, '????????', 'Monitori', '', '', ''),
(5, 0, '??????? ?????', 'Gestkie-diski', '', '', ''),
(6, 0, '??????????? ??????', 'Operativnaya-pamyat', '', '', ''),
(7, 0, '????? ???????', 'Bloki-pitaniya', '', '', ''),
(8, 0, '??????', 'Prochee', '', '', ''),
(-1, -1, '????????????????', 'unplaced', '', '', '');

DROP TABLE IF EXISTS `mcat_templ_attrs`;
CREATE TABLE `mcat_templ_attrs` (
  `templ` int(11) NOT NULL,
  `attr` int(11) NOT NULL,
  KEY `templ` (`templ`,`attr`)
) ENGINE=MyISAM DEFAULT CHARSET=utf8;

INSERT INTO `mcat_templ_attrs` VALUES
(1, 1),
(1, 2),
(1, 3),
(1, 4),
(1, 5),
(1, 6),
(2, 7),
(2, 8),
(2, 9),
(2, 10),
(2, 11),
(2, 12),
(2, 13),
(2, 14);

DROP TABLE IF EXISTS `mcat_templs`;
CREATE TABLE `mcat_templs` (
  `id` int(11) NOT NULL AUTO_INCREMENT,
  `name` varchar(250) NOT NULL,
  PRIMARY KEY (`id`)
) ENGINE=MyISAM AUTO_INCREMENT=5 DEFAULT CHARSET=utf8;

INSERT INTO `mcat_templs` VALUES
(1, '?????????'),
(2, '??????????');

DROP TABLE IF EXISTS `mcat_tvrs`;
CREATE TABLE `mcat_tvrs` (
  `id` int(11) NOT NULL AUTO_INCREMENT,
  `cat` int(11) NOT NULL,
  `templ` int(11) NOT NULL,
  `opts` smallint(11) NOT NULL DEFAULT '0',
  `article` varchar(30) NOT NULL,
  `brand` int(5) NOT NULL,
  `name` varchar(200) NOT NULL,
  `name_def` varchar(200) NOT NULL,
  `alias` varchar(100) NOT NULL,
  `price` int(11) NOT NULL,
  `count` int(11) NOT NULL,
  PRIMARY KEY (`id`),
  KEY `cat` (`cat`,`templ`),
  KEY `cat_2` (`cat`),
  KEY `templ` (`templ`),
  KEY `templ_2` (`templ`)
) ENGINE=MyISAM AUTO_INCREMENT=1208 DEFAULT CHARSET=utf8;

INSERT INTO `mcat_tvrs` VALUES
(1, 1, 1, 1, '', 2, 'Intel Core i3-6100T Skylake', '', 'intel-core-i3-6100t-skylake', 7440, 0),
(2, 1, 1, 1, '', 2, 'Intel Core i5-6600K Skylake', '', 'intel-core-i5-6600k-skylake', 19990, 0),
(3, 1, 1, 1, '', 2, 'Intel Core i5-4690 Haswell', '', 'intel-core-i5-4690-haswell', 17990, 0),
(4, 1, 1, 1, '', 1, 'AMD FX-9590 Vishera', '', 'amd-fx-9590-vishera', 16480, 0),
(5, 1, 1, 1, '', 2, 'Intel Core i3-4170 Haswell', '', 'intel-core-i3-haswell', 10890, 0),
(6, 2, 2, 1, '', 3, 'ASUS GeForce GTX 750 Ti', '', 'videokarta-asus-geforce-gtx-750-ti', 6500, 1),
(1204, -1, 0, 0, '00-00000553', 0, '?????????? Molix-Sata', '?????????? Molix-Sata', 'perehodnik-molix-sata', 50, 1),
(1205, -1, 0, 0, '00-00000554', 0, 'Sata-?????', 'Sata-?????', 'sata-shlejf', 100, 1),
(1206, -1, 0, 0, '00-00000557', 0, 'USB 2.0 ?????? Defender 1,8m', 'USB 2.0 ?????? Defender 1,8m', 'usb-20-kabel-defender-18m', 100, 1),
(1202, -1, 0, 0, '00-00000545', 0, '?????? ??????? 1,8 m ATX', '?????? ??????? 1,8 m ATX', 'kabel-pitaniya-18-m-atx', 100, 1),
(1203, -1, 0, 0, '00-00000546', 0, '?????? ??????? ?????????? 1,5 m ATX', '?????? ??????? ?????????? 1,5 m ATX', 'kabel-pitaniya-udlinitel-15-m-atx', 100, 1),
(1198, -1, 0, 0, '00-00000541', 0, 'VGA ?????? 1,8m AOpen', 'VGA ?????? 1,8m AOpen', 'vga-kabel-18m-aopen', 350, 1),
(1199, -1, 0, 0, '00-00000542', 0, 'VGA ?????? 1,8m Signal', 'VGA ?????? 1,8m Signal', 'vga-kabel-18m-signal', 350, 1),
(1200, -1, 0, 0, '00-00000547', 0, '?????? ???????????? jack-jack 3,5 1,5m', '?????? ???????????? jack-jack 3,5 1,5m', 'kabel-udinitelnyj-jack-jack-35-15m', 150, 1),
(1201, -1, 0, 0, '00-00000555', 0, '????????? Molix-6pin', '????????? Molix-6pin', 'perhodnik-molix-6pin', 150, 1),
(1196, -1, 0, 0, '00-00000544', 0, 'DisplayPort ?????? 1,8m', 'DisplayPort ?????? 1,8m', 'displayport-kabel-18m', 550, 1),
(1197, -1, 0, 0, '00-00000556', 0, 'USB 3.0 ?????? 3m m-f VCom', 'USB 3.0 ?????? 3m m-f VCom', 'usb-30-kabel-3m-m-f-vcom', 400, 1),
(1195, -1, 0, 0, '00-00000543', 0, 'HDMI<->HDMI ?????? 1,8m m-m', 'HDMI<->HDMI ?????? 1,8m m-m', 'hdmi-hdmi-kabel-18m-m-m', 550, 1),
(1193, -1, 0, 0, '00-00000559', 0, '????????? Pleomax AAA', '????????? Pleomax AAA', 'batarejka-pleomax-aaa', 25, 1),
(1194, -1, 0, 0, '00-00000549', 0, '????????? AA Daewoo', '????????? AA Daewoo', 'batarejka-aa-daewoo', 20, 1),
(1191, -1, 0, 0, '00-00000551', 0, '???????? ??????? ??? ???????? 20??', '???????? ??????? ??? ???????? 20??', 'salfetki-vlazhnye-dlya-monitora-20sht', 90, 1),
(1192, -1, 0, 0, '00-00000558', 0, '????????? Energizer AAA', '????????? Energizer AAA', 'batarejka-energizer-aaa', 50, 1),
(1190, -1, 0, 0, '00-00000563', 0, 'Parity ???????????????? ?????????? ??? ????????? 60ml', 'Parity ???????????????? ?????????? ??? ????????? 60ml', 'parity-professionalnyj-ochistitel-dlya-monitorov-60ml', 95, 1),
(1189, -1, 0, 0, '00-00000564', 0, '????????? CR2032', '????????? CR2032', 'batarejka-cr2032', 100, 1),
(1188, -1, 0, 0, '00-00000550', 0, '???????? ??????? 15 ?? ?????? ????????', '???????? ??????? 15 ?? ?????? ????????', 'salfetki-vlazhnye-15-sht-myagkaya-upakovka', 120, 1),
(1187, -1, 0, 0, '00-00000562', 0, 'Miraclean ???????? ??? ???????? ??????????? ? ?????????', 'Miraclean ???????? ??? ???????? ??????????? ? ?????????', 'miraclean-komplekt-dlya-otchistki-televizorov-i-monitorov', 250, 1),
(1186, -1, 0, 0, '00-00000565', 0, 'USB-flash 4Gb SmartBuy', 'USB-flash 4Gb SmartBuy', 'usb-flash-4gb-smartbuy', 300, 1),
(1185, -1, 0, 0, '00-00000567', 0, 'USB-flash 8Gb SmartBuy', 'USB-flash 8Gb SmartBuy', 'usb-flash-8gb-smartbuy', 400, 1),
(1182, -1, 0, 0, '00-00000569', 0, 'USB-flash 32Gb SmartBuy', 'USB-flash 32Gb SmartBuy', 'usb-flash-32gb-smartbuy', 800, 1),
(1183, -1, 0, 0, '00-00000568', 0, 'USB-flash 16Gb SmartBuy', 'USB-flash 16Gb SmartBuy', 'usb-flash-16gb-smartbuy', 550, 1),
(1184, -1, 0, 0, '00-00000566', 0, 'USB-flash 8Gb SP', 'USB-flash 8Gb SP', 'usb-flash-8gb-sp', 400, 1),
(1181, 8, 0, 0, '00-00000548', 0, '???????? Defender Basic 602 (?????????)', '???????? Defender Basic 602 (?????????)', 'naushniki-defender-basic-602-vkaladyshi', 150, 1),
(1180, -1, 0, 0, '00-00000529', 0, '?????? Dialog PM-H15 ??????', '?????? Dialog PM-H15 ??????', 'kovrik-dialog-pm-h15-chernyj', 150, 1),
(1179, 8, 0, 0, '00-00000498', 0, '???????? Dialog M-100B ?? ????????', '???????? Dialog M-100B ?? ????????', 'mikrofon-dialog-m-100b-na-prischepke', 150, 1),
(1177, 8, 0, 0, '00-00000517', 0, '???? Dialog MOP-01BP PS/2', '???? Dialog MOP-01BP PS/2', 'mysh-dialog-mop-01bp-ps2', 180, 1),
(1178, 8, 0, 0, '00-00000519', 0, '???? Dialog MOP-00BU USB', '???? Dialog MOP-00BU USB', 'mysh-dialog-mop-00bu-usb', 180, 1),
(1176, 8, 0, 0, '00-00000518', 0, '???? Dialog MOP-04BU USB', '???? Dialog MOP-04BU USB', 'mysh-dialog-mop-04bu-usb', 200, 1),
(1174, 8, 0, 0, '00-00000520', 0, '???? Perfeo PF-17 USB', '???? Perfeo PF-17 USB', 'mysh-perfeo-pf-17-usb', 220, 1),
(1175, 8, 0, 0, '00-00000499', 0, '???????? Dialog M-101B ??????????', '???????? Dialog M-101B ??????????', 'mikrofon-dialog-m-101b-nastolnyj', 200, 1),
(1173, -1, 0, 0, '00-00000500', 0, '???????? Dialog M-201A ? ??????????', '???????? Dialog M-201A ? ??????????', 'naushniki-dialog-m-201a-s-mikrofonom', 300, 1),
(1172, 8, 0, 0, '00-00000521', 0, '???? Dialog MOP-10BU USB', '???? Dialog MOP-10BU USB', 'mysh-dialog-mop-10bu-usb', 350, 1),
(1171, -1, 0, 0, '00-00000492', 0, '????????? ??????????? ??? ??????? USB', '????????? ??????????? ??? ??????? USB', 'podstvaka-ohlazhdayuschaya-pod-noutbuk-usb', 350, 1),
(1170, 8, 0, 0, '00-00000525', 0, '???? Dialog MROP-04 U ???????????? USB', '???? Dialog MROP-04 U ???????????? USB', 'mysh-dialog-mrop-04-u-besprovodnaya-usb', 420, 1),
(1169, 8, 0, 0, '00-00000527', 0, '???? Dialog MROP-02 U ???????????? USB', '???? Dialog MROP-02 U ???????????? USB', 'mysh-dialog-mrop-02-u-besprovodnaya-usb', 450, 1),
(1168, -1, 0, 0, '00-00000512', 0, '?????????? 5Bites Carbon KB-100', '?????????? 5Bites Carbon KB-100', 'klaviatura-5bites-carbon-kb-100', 450, 1),
(1167, -1, 0, 0, '00-00000510', 0, '?????????? Defender Element HB-520 PS/2', '?????????? Defender Element HB-520 PS/2', 'klaviatura-defender-element-hb-520-ps2', 450, 1),
(1166, 8, 0, 0, '00-00000524', 0, '???? Dialog MROP-04 UB ???????????? USB', '???? Dialog MROP-04 UB ???????????? USB', 'mysh-dialog-mrop-04-ub-besprovodnaya-usb', 500, 1),
(1164, -1, 0, 0, '00-00000513', 0, '?????????? Exegate LY-326', '?????????? Exegate LY-326', 'klaviatura-exegate-ly-326', 500, 1),
(1165, 8, 0, 0, '00-00000523', 0, '????SmartBy SBM-341AG-K ???????????? USB', '????SmartBy SBM-341AG-K ???????????? USB', 'myshsmartby-sbm-341ag-k-besprovodnaya-usb', 500, 1),
(1162, -1, 0, 0, '00-00000509', 0, '?????????? Dialog KS020 USB', '?????????? Dialog KS020 USB', 'klavitaura-dialog-ks020-usb', 500, 1),
(1163, -1, 0, 0, '00-00000511', 0, '?????????? Defender Element HB-520 USB', '?????????? Defender Element HB-520 USB', 'klaviatura-defender-element-hb-520-usb', 500, 1),
(1161, 8, 0, 0, '00-00000526', 0, '????SmartBy SBM-342AG-K ???????????? USB', '????SmartBy SBM-342AG-K ???????????? USB', 'myshsmartby-sbm-342ag-k-besprovodnaya-usb', 550, 1),
(1160, -1, 0, 0, '00-00000495', 0, '???????? Dialog M-751 HV', '???????? Dialog M-751 HV', 'naushniki-dialog-m-751-hv', 600, 1),
(1159, -1, 0, 0, '00-00000496', 0, '????????? Ritmix RVS-015M 1,3M', '????????? Ritmix RVS-015M 1,3M', 'vebkamera-ritmix-rvs-015m-13m', 650, 1),
(1158, -1, 0, 0, '00-00000493', 0, '??????????? ?? KS-200Black 2200mAh', '??????????? ?? KS-200Black 2200mAh', 'portativnoe-zu-ks-200black-2200mah', 750, 1),
(1156, 8, 0, 0, '00-00000522', 0, '???? SmartBy SBM-701G-K USB', '???? SmartBy SBM-701G-K USB', 'mysh-smartby-sbm-701g-k-usb', 950, 1),
(1157, 8, 0, 0, '00-00000528', 0, '???? Dialog MRLK-17 U ???????????? USB', '???? Dialog MRLK-17 U ???????????? USB', 'mysh-dialog-mrlk-17-u-besprovodnaya-usb', 800, 1),
(1155, -1, 0, 0, '00-00000497', 0, '????????? Defender C-2525HD 2??', '????????? Defender C-2525HD 2??', 'vebkamera-defender-c-2525hd-2mp', 950, 1),
(1153, 8, 0, 0, '00-00000515', 0, '????? ???????????? Defender SkyLine 895 Nano', '????? ???????????? Defender SkyLine 895 Nano', 'nabor-besprovodnoj-defender-skyline-895-nano', 1400, 1),
(1154, -1, 0, 0, '00-00000516', 0, '?????????? ???????????? Perfeo PF-5214-WL', '?????????? ???????????? Perfeo PF-5214-WL', 'klaviatura-besprovodnaya-perfeo-pf-5214-wl', 990, 1),
(1152, 8, 0, 0, '00-00000514', 0, '????? ???????????? A4Tech padless 7600N ??????????+????', '????? ???????????? A4Tech padless 7600N ??????????+????', 'nabor-besprovodnoj-a4tech-padless-7600n-klaviaturamysh', 1650, 1),
(1151, -1, 0, 0, '00-00000501', 0, '??????? 2.0 Sven SPS-607', '??????? 2.0 Sven SPS-607', 'kolonki-20-sven-sps-607', 1900, 1),
(1150, -1, 0, 0, '00-00000532', 0, '?? ??? ???????? Asus', '?? ??? ???????? Asus', 'zu-dlya-noutbuka-asus', 1100, 1),
(1147, -1, 0, 0, '00-00000561', 0, '??????? HDD 2,5 ?? 3,5', '??????? HDD 2,5 ?? 3,5', 'adapter-hdd-25-na-35', 200, 1),
(1148, -1, 0, 0, '00-00000421', 0, 'Kingston KVR13S9S8/4 4GB 1333 SO-DIMM', 'Kingston KVR13S9S8/4 4GB 1333 SO-DIMM', 'kingston-kvr13s9s84-4gb-1333-so-dimm', 2200, 1),
(1149, -1, 0, 0, '00-00000531', 0, '?? ??? ???????? Samsung', '?? ??? ???????? Samsung', 'zu-dlya-noutbuka-samsung', 1200, 1),
(1146, -1, 0, 0, '00-00000570', 0, 'VGA-DVI ??????????', 'VGA-DVI ??????????', 'vga-dvi-perehodnik', 250, 1),
(1145, 6, 0, 0, '00-00000456', 0, '1GB DDR2 800 NEW', '1GB DDR2 800 NEW', '1gb-ddr2-800-new', 900, 1),
(1144, 6, 0, 0, '00-00000455', 0, '2GB DDR2 800 NEW', '2GB DDR2 800 NEW', '2gb-ddr2-800-new', 1500, 1),
(1143, -1, 0, 0, '00-00000599', 0, 'Kingston DDR4 8Gb 2133MHz KVR21N15S8/8', 'Kingston DDR4 8Gb 2133MHz KVR21N15S8/8', 'kingston-ddr4-8gb-2133mhz-kvr21n15s88', 2799, 1),
(1142, -1, 0, 0, '00-00000490', 0, 'DNS FinePower DNP-450 400W', 'DNS FinePower DNP-450 400W', 'dns-finepower-dnp-450-400w', 2000, 1),
(1141, -1, 0, 0, '00-00000491', 0, 'Crown CM-PS400PLUS 400W', 'Crown CM-PS400PLUS 400W', 'crown-cm-ps400plus-400w', 2100, 1),
(1140, -1, 0, 0, '00-00000489', 0, 'FSP ATX-500PNR 500W', 'FSP ATX-500PNR 500W', 'fsp-atx-500pnr-500w', 2800, 1),
(1139, -1, 0, 0, '00-00000593', 0, 'Gigabyte H110M-DS2 (LGA1151, 2xDDR4 2133 up to 32GB, VGA, PCI-e, mATX)', 'Gigabyte H110M-DS2 (LGA1151, 2xDDR4 2133 up to 32GB, VGA, PCI-e, mATX)', 'gigabyte-h110m-ds2-lga1151-2xddr4-2133-up-to-32gb-vga-pci-e-matx', 4399, 1),
(1138, 1, 1, 1, '00-00000597', 3, 'Intel Pentium G4400 Skylake (3300MHz, LGA1151, L3 3072Kb)', 'Intel Pentium G4400 Skylake (3300MHz, LGA1151, L3 3072Kb)', 'intel-pentium-g4400-skylake-3300mhz-lga1151-l3-3072kb', 5099, 0),
(1137, -1, 0, 0, '00-00000534', 0, '?? ??? ????????? Acer ?/?', '?? ??? ????????? Acer ?/?', 'zu-dlya-noutbvuka-acer-bu', 600, 1),
(1136, 6, 0, 0, '00-00000425', 0, 'So-Dimm 1GB DDR2 667', 'So-Dimm 1GB DDR2 667', 'so-dimm-1gb-ddr2-667', 600, 1),
(1135, 6, 0, 0, '00-00000427', 0, 'So-Dimm 1GB DDR3 1333', 'So-Dimm 1GB DDR3 1333', 'so-dimm-1gb-ddr3-1333', 400, 1),
(1133, 6, 0, 0, '00-00000426', 0, 'So-Dimm 2GB DDR3 1066', 'So-Dimm 2GB DDR3 1066', 'so-dimm-2gb-ddr3-1066', 1000, 1),
(1134, 6, 0, 0, '00-00000428', 0, 'So-Dimm 2GB DDR3 1600', 'So-Dimm 2GB DDR3 1600', 'so-dimm-2gb-ddr3-1600', 1000, 1),
(1132, 6, 0, 0, '00-00000429', 0, 'So-Dimm 4GB DDR3 1600', 'So-Dimm 4GB DDR3 1600', 'so-dimm-4gb-ddr3-1600', 2200, 1),
(1131, -1, 0, 0, '00-00000475', 0, '10,1\" LED ??????? 30pin ??????? (KD101N1-30NA-B1)', '10,1\" LED ??????? 30pin ??????? (KD101N1-30NA-B1)', '101-led-matrica-30pin-shirokij-kd101n1-30na-b1', 1600, 1),
(1130, -1, 0, 0, '00-00000479', 0, '17\" FL ??????? 30pin ??????? (B170PW06)', '17\" FL ??????? 30pin ??????? (B170PW06)', '17-fl-matrica-30pin-shirokij-b170pw06', 2500, 1),
(1129, -1, 0, 0, '00-00000478', 0, '15,6\" FL ??????? 30pin ??????? (LTN156AT01)', '15,6\" FL ??????? 30pin ??????? (LTN156AT01)', '156-fl-matrica-30pin-shirokij-ltn156at01', 2500, 1),
(1128, -1, 0, 0, '00-00000477', 0, '15,4\" FL ??????? 30pin ??????? (LTN154AT07)', '15,4\" FL ??????? 30pin ??????? (LTN154AT07)', '154-fl-matrica-30pin-shirokij-ltn154at07', 2500, 1),
(1127, -1, 0, 0, '00-00000476', 0, '15,4\" FL ??????? 30pin ??????? (LTN154XA-L01)', '15,4\" FL ??????? 30pin ??????? (LTN154XA-L01)', '154-fl-matrica-30pin-shirokij-ltn154xa-l01', 2500, 1),
(1126, 4, 0, 0, '00-00000327', 0, '17\" ?? ??????? LG L1753S-BF Flatron < Black > (LCD, 1280x1024, D-Sub) ?/?', '17\" ?? ??????? LG L1753S-BF Flatron < Black > (LCD, 1280x1024, D-Sub) ?/?', '17-zhk-monitor-lg-l1753s-bf-flatron--black--lcd-1280x1024-d-sub-bu', 2200, 1),
(1125, 4, 0, 0, '00-00000324', 0, '17\" ?? ??????? NEC AccuSync 73V-BK < Silver-Black > (LCD, 1280x1024, D-Sub) ?/?', '17\" ?? ??????? NEC AccuSync 73V-BK < Silver-Black > (LCD, 1280x1024, D-Sub) ?/?', '17-zhk-monitor-nec-accusync-73v-bk--silver-black--lcd-1280x1024-d-sub-bu', 2200, 1),
(1124, 4, 0, 0, '00-00000323', 0, '17\" ?? ??????? Samsung SyncMaster 710V (TFT, 1280x1024, VGA) ?/?', '17\" ?? ??????? Samsung SyncMaster 710V (TFT, 1280x1024, VGA) ?/?', '17-zhk-monitor-samsung-syncmaster-710v-tft-1280x1024-vga-bu', 2200, 1),
(1122, 4, 0, 0, '00-00000321', 0, '17\" ?? ??????? LG L1730S SQT Flatron < Silver > (LCD, 1280x1024, D-Sub) ?/?', '17\" ?? ??????? LG L1730S SQT Flatron < Silver > (LCD, 1280x1024, D-Sub) ?/?', '17-zhk-monitor-lg-l1730s-sqt-flatron--silver--lcd-1280x1024-d-sub-bu', 2200, 1),
(1123, 4, 0, 0, '00-00000322', 0, '17\" ?? ??????? Samsung SyncMaster 740N (TFT, 1280x1024, VGA) ?/?', '17\" ?? ??????? Samsung SyncMaster 740N (TFT, 1280x1024, VGA) ?/?', '17-zhk-monitor-samsung-syncmaster-740n-tft-1280x1024-vga-bu', 2200, 1),
(1120, 4, 0, 0, '00-00000325', 0, '19\" ?? ??????? Samsung 943N KSB < Silver > (LCD, 1280x1024, D-Sub) ?/?', '19\" ?? ??????? Samsung 943N KSB < Silver > (LCD, 1280x1024, D-Sub) ?/?', '19-zhk-monitor-samsung-943n-ksb--silver--lcd-1280x1024-d-sub-bu', 3000, 1),
(1121, 4, 0, 0, '00-00000318', 0, '17\" ?? ??????? Viewsonic VA703B-8 (LCD, 1280x1024, D-Sub) ?/?', '17\" ?? ??????? Viewsonic VA703B-8 (LCD, 1280x1024, D-Sub) ?/?', '17-zhk-monitor-viewsonic-va703b-8-lcd-1280x1024-d-sub-bu', 2200, 1),
(1119, 4, 0, 0, '00-00000320', 0, '19\" ?? ??????? Viewsonic VA916-6 (LCD, 1280x1024, D-Sub) ?/?', '19\" ?? ??????? Viewsonic VA916-6 (LCD, 1280x1024, D-Sub) ?/?', '19-zhk-monitor-viewsonic-va916-6-lcd-1280x1024-d-sub-bu', 3000, 1),
(1118, 4, 0, 0, '00-00000317', 0, '20\" ?? ??????? LG W2046S-BF Flatron < Black > (LCD, Wide, 1600x900, D-Sub) ?/?', '20\" ?? ??????? LG W2046S-BF Flatron < Black > (LCD, Wide, 1600x900, D-Sub) ?/?', '20-zhk-monitor-lg-w2046s-bf-flatron--black--lcd-wide-1600x900-d-sub-bu', 4000, 1),
(1117, 4, 0, 0, '00-00000319', 0, '21.5\" ?? ??????? LG W2243S-PF Flatron < Black > (LCD, Wide, 1920x1080, D-Sub) ?/?', '21.5\" ?? ??????? LG W2243S-PF Flatron < Black > (LCD, Wide, 1920x1080, D-Sub) ?/?', '215-zhk-monitor-lg-w2243s-pf-flatron--black--lcd-wide-1920x1080-d-sub-bu', 6000, 1),
(1115, 4, 0, 0, '00-00000328', 0, '21.5\" ?? ??????? LG 22EA53VQ-P (LCD, Wide, 1920x1080, D-Sub, DVI, HDMI) ?/?', '21.5\" ?? ??????? LG 22EA53VQ-P (LCD, Wide, 1920x1080, D-Sub, DVI, HDMI) ?/?', '215-zhk-monitor-lg-22ea53vq-p-lcd-wide-1920x1080-d-sub-dvi-hdmi-bu', 7000, 1),
(1116, 4, 0, 0, '00-00000329', 0, '21.5\" ?? ??????? Samsung SyncMaster S22A300B (LCD, Wide, 1920x1080, D-Sub, DVI) ?/?', '21.5\" ?? ??????? Samsung SyncMaster S22A300B (LCD, Wide, 1920x1080, D-Sub, DVI) ?/?', '215-zhk-monitor-samsung-syncmaster-s22a300b-lcd-wide-1920x1080-d-sub-dvi-bu', 6500, 1),
(1114, -1, 0, 0, '00-00000463', 0, 'AM2 ????? Al ????????', 'AM2 ????? Al ????????', 'am2-kuler-al-standart', 100, 1),
(1111, -1, 0, 0, '00-00000474', 0, '????????? ??? ?????????? (?????????)', '????????? ??? ?????????? (?????????)', 'ohladenie-dlya-videokarty-universal', 1500, 1),
(1112, -1, 0, 0, '00-00000470', 0, 'AM2 ????? ??-2 CU+AL', 'AM2 ????? ??-2 CU+AL', 'am2-kuler-nb-2-cual', 600, 1),
(1113, -1, 0, 0, '00-00000464', 0, 'AM2 ????? Al ??????????', 'AM2 ????? Al ??????????', 'am2-kuler-al-uluchshennyj', 150, 1),
(1108, -1, 0, 0, '00-00000459', 0, '775 ????? ?u+Al', '775 ????? ?u+Al', '775-kuler-sual', 250, 1),
(1109, -1, 0, 0, '00-00000460', 0, '775 ????? AL ????????', '775 ????? AL ????????', '775-kuler-al-standart', 200, 1),
(1110, -1, 0, 0, '00-00000461', 0, '775 ????? Al ????', '775 ????? Al ????', '775-kuler-al-mini', 150, 1),
(1106, -1, 0, 0, '00-00000465', 0, '775 ????? ??-3', '775 ????? ??-3', '775-kuler-nb-3', 600, 1),
(1107, -1, 0, 0, '00-00000467', 0, '775 ????? Spiriter ??????????', '775 ????? Spiriter ??????????', '775-kuler-spiriter-uluchshennyj', 600, 1),
(1104, -1, 0, 0, '00-00000469', 0, '775 ????? ?-3 Arctic AL', '775 ????? ?-3 Arctic AL', '775-kuler-b-3-arctic-al', 1000, 1),
(1105, -1, 0, 0, '00-00000471', 0, '775 ??-0 Zalman Cu', '775 ??-0 Zalman Cu', '775-nb-0-zalman-cu', 1000, 1),
(1103, -1, 0, 0, '00-00000468', 0, '775 ????? ?-4 DeepCool AL', '775 ????? ?-4 DeepCool AL', '775-kuler-b-4-deepcool-al', 1300, 1),
(1099, -1, 0, 0, '00-00000403', 0, 'DVD-?????? Sata', 'DVD-?????? Sata', 'dvd-privod-sata', 600, 1),
(1100, -1, 0, 0, '00-00000402', 0, 'DVD-?????? IDE', 'DVD-?????? IDE', 'dvd-privod-ide', 550, 1),
(1101, -1, 0, 0, '00-00000472', 0, '775 ????? ?-6 Thermaltake CU+AL', '775 ????? ?-6 Thermaltake CU+AL', '775-kuler-b-6-thermaltake-cual', 1800, 1),
(1102, -1, 0, 0, '00-00000466', 0, '775 ????? ?-3 Zalman CU', '775 ????? ?-3 Zalman CU', '775-kuler-b-3-zalman-cu', 1500, 1),
(1098, -1, 0, 0, '00-00000405', 0, 'DVD-?????? SATA NEW', 'DVD-?????? SATA NEW', 'dvd-privod-sata-new', 1400, 1),
(1097, -1, 0, 0, '00-00000404', 0, 'BD-?????? SATA', 'BD-?????? SATA', 'bd-privod-sata', 2000, 1),
(1092, 6, 0, 0, '00-00000444', 0, '512MB DDR2 800', '512MB DDR2 800', '512mb-ddr2-800', 100, 1),
(1093, 6, 0, 0, '00-00000449', 0, '512MB DDR2 667', '512MB DDR2 667', '512mb-ddr2-667', 100, 1),
(1094, 6, 0, 0, '00-00000450', 0, '512MB DDR2 533', '512MB DDR2 533', '512mb-ddr2-533', 100, 1),
(1095, 6, 0, 0, '00-00000434', 0, '2GB DDR3 1333', '2GB DDR3 1333', '2gb-ddr3-1333', 800, 1),
(1096, 6, 0, 0, '00-00000451', 0, '512MB DDR', '512MB DDR', '512mb-ddr', 150, 1),
(1091, 6, 0, 0, '00-00000445', 0, '1GB DDR2 667', '1GB DDR2 667', '1gb-ddr2-667', 300, 1),
(1089, 6, 0, 0, '00-00000442', 0, '2GB DDR2 800', '2GB DDR2 800', '2gb-ddr2-800', 1200, 1),
(1090, 6, 0, 0, '00-00000443', 0, '1GB DDR2 800', '1GB DDR2 800', '1gb-ddr2-800', 300, 1),
(1088, 6, 0, 0, '00-00000441', 0, '4GB DDR2 800', '4GB DDR2 800', '4gb-ddr2-800', 2400, 1),
(1087, 8, 0, 0, '00-00000586', 0, '?????? ???????? ??', '?????? ???????? ??', 'korpus-standart-bu', 600, 1),
(1084, -1, 0, 0, '00-00000590', 0, '?????? AeroCool Strike X ??', '?????? AeroCool Strike X ??', 'korpus-aerocool-strike-x-bu', 3000, 1),
(1086, 8, 0, 0, '00-00000587', 0, '?????? ???????? PLUS ??', '?????? ???????? PLUS ??', 'korpus-standart-plus-bu', 1000, 1),
(1085, -1, 0, 0, '00-00000588', 0, '?????? Aerocool PGS ??', '?????? Aerocool PGS ??', 'korpus-aerocool-pgs-bu', 2000, 1),
(1083, -1, 0, 0, '00-00000589', 0, '?????? Aerocool PGS+ ??', '?????? Aerocool PGS+ ??', 'korpus-aerocool-pgs-bu', 3000, 1),
(1081, -1, 0, 0, '00-00000483', 0, 'PCI TV ????? ? ??????? ??', 'PCI TV ????? ? ??????? ??', 'pci-tv-tyuner-s-pultom-bu', 150, 1),
(1082, -1, 0, 0, '00-00000484', 0, '????????? ?????????? (USB) ??', '????????? ?????????? (USB) ??', 'kartrider-vnutrennij-usb-bu', 100, 1),
(1080, -1, 0, 0, '00-00000480', 0, 'PCI RAID ?????????? 2SATA ??', 'PCI RAID ?????????? 2SATA ??', 'pci-raid-kontroller-2sata-bu', 150, 1),
(1077, -1, 0, 0, '00-00000482', 0, 'PCI-E x1 LAN ????? ??', 'PCI-E x1 LAN ????? ??', 'pci-e-x1-lan-karta-bu', 700, 1),
(1078, -1, 0, 0, '00-00000481', 0, 'PCI Lan ????? ??', 'PCI Lan ????? ??', 'pci-lan-karta-bu', 250, 1),
(1079, 8, 0, 0, '00-00000552', 0, '???? CrossFire ??', '???? CrossFire ??', 'most-crossfire-bu', 200, 1),
(1074, 3, 1, 0, '00-00000604', 0, 'ECS RS482-M (S754, DDR400 up to 2Gb, VGA, mATX)', 'ECS RS482-M (S754, DDR400 up to 2Gb, VGA, mATX)', 'ecs-rs482-m-s754-ddr400-up-to-2gb-vga-matx', 1000, 1),
(1075, -1, 0, 0, '00-00000299', 0, 'MSI K8N Neo4h (939, 4xDDR 400 up to 4GB, PCI-E, ATX)', 'MSI K8N Neo4h (939, 4xDDR 400 up to 4GB, PCI-E, ATX)', 'msi-k8n-neo4h-939-4xddr-400-up-to-4gb-pci-e-atx', 900, 1),
(1076, -1, 0, 0, '00-00000508', 0, '???????? ????? Asus Xonar DX7.1 ??', '???????? ????? Asus Xonar DX7.1 ??', 'zvukovaya-karta-asus-xonar-dx71-bu', 3000, 1),
(1073, 3, 0, 0, '00-00000606', 0, 'Biostar A690G M2+ (AM2+, 2xDDR2 up to 4Gb, VGA, DVI, mATX)', 'Biostar A690G M2+ (AM2+, 2xDDR2 up to 4Gb, VGA, DVI, mATX)', 'biostar-a690g-m2-am2-2xddr2-up-to-4gb-vga-dvi-matx', 1600, 1),
(1072, 3, 0, 0, '00-00000366', 0, 'Gigabyte GA-MA78LMT-US2H (AM3, 4xDDR3 1666 up to 16GB, VGA, mATX)', 'Gigabyte GA-MA78LMT-US2H (AM3, 4xDDR3 1666 up to 16GB, VGA, mATX)', 'gigabyte-ga-ma78lmt-us2h-am3-4xddr3-1666-up-to-16gb-vga-matx', 2200, 1),
(1071, 3, 0, 0, '00-00000278', 0, 'Gigabyte GA-MA770-UD3 (AM3, 4xDDR2 up to 16Gb, PCI-E, ATX)', 'Gigabyte GA-MA770-UD3 (AM3, 4xDDR2 up to 16Gb, PCI-E, ATX)', 'gigabyte-ga-ma770-ud3-am3-4xddr2-up-to-16gb-pci-e-atx', 2500, 1),
(1070, 3, 0, 0, '00-00000227', 0, 'Asus M5A78L LE (AM3+, 4xDDR3 1333 up to 16GB, VGA, ATX)', 'Asus M5A78L LE (AM3+, 4xDDR3 1333 up to 16GB, VGA, ATX)', 'asus-m5a78l-le-am3-4xddr3-1333-up-to-16gb-vga-atx', 2700, 1),
(1069, 3, 0, 0, '00-00000257', 0, 'Foxconn 6497MB-RS (LGA775, DDR400 x2 up to 2GB, mATX)', 'Foxconn 6497MB-RS (LGA775, DDR400 x2 up to 2GB, mATX)', 'foxconn-6497mb-rs-lga775-ddr400-x2-up-to-2gb-matx', 900, 1),
(1068, -1, 0, 0, '00-00000607', 0, 'MSI 945GCM7-F (LGA775, 2xDDR2 667 up to 4GB, VGA, mATX)', 'MSI 945GCM7-F (LGA775, 2xDDR2 667 up to 4GB, VGA, mATX)', 'msi-945gcm7-f-lga775-2xddr2-667-up-to-4gb-vga-matx', 1600, 1),
(1067, 3, 0, 0, '00-00000255', 0, 'ECS g31T-m7 (LGA775, 2xDDR2 800 up to 4GB, VGA, mATX)', 'ECS g31T-m7 (LGA775, 2xDDR2 800 up to 4GB, VGA, mATX)', 'ecs-g31t-m7-lga775-2xddr2-800-up-to-4gb-vga-matx', 1800, 1),
(1066, 3, 0, 0, '00-00000362', 0, 'Asus P5KPL/EPU (LGA775, 4xDDR2 1066 up to 4GB, PCI-E, ATX) ?? ???????? ????', 'Asus P5KPL/EPU (LGA775, 4xDDR2 1066 up to 4GB, PCI-E, ATX) ?? ???????? ????', 'asus-p5kplepu-lga775-4xddr2-1066-up-to-4gb-pci-e-atx-ne-rabotaet-zvuk', 1900, 1),
(1065, 3, 1, 0, '00-00000605', 0, 'intel DQ45CB (LGA775, 4xDDR2 up to 8gb, 2xDVI, mATX)', 'intel DQ45CB (LGA775, 4xDDR2 up to 8gb, 2xDVI, mATX)', 'intel-dq45cb-lga775-4xddr2-up-to-8gb-2xdvi-matx', 2000, 1),
(1064, 3, 0, 0, '00-00000282', 0, 'Gigabyte GA-P31-S3G (LGA775, 2xDDR2 1066 up to 4GB, PCI-E, ATX)', 'Gigabyte GA-P31-S3G (LGA775, 2xDDR2 1066 up to 4GB, PCI-E, ATX)', 'gigabyte-ga-p31-s3g-lga775-2xddr2-1066-up-to-4gb-pci-e-atx', 2200, 1),
(1063, 3, 0, 0, '00-00000231', 0, 'Asus P5K (LGA775, 4xDDR2 1066 up to 8gb, ATX)', 'Asus P5K (LGA775, 4xDDR2 1066 up to 8gb, ATX)', 'asus-p5k-lga775-4xddr2-1066-up-to-8gb-atx', 2500, 1),
(1061, 3, 0, 0, '00-00000234', 0, 'Asus P5K/EPU (LGA775, 4xDDR2 1600 up to 8GB, 2xPSI-E x16 CrossFire, ATX)', 'Asus P5K/EPU (LGA775, 4xDDR2 1600 up to 8GB, 2xPSI-E x16 CrossFire, ATX)', 'asus-p5kepu-lga775-4xddr2-1600-up-to-8gb-2xpsi-e-x16-crossfire-atx', 2800, 1),
(1062, 3, 0, 0, '00-00000241', 0, 'Asus P5QL/EPU (LGA775, 4xDDR2 up to 16Gb, ATX)', 'Asus P5QL/EPU (LGA775, 4xDDR2 up to 16Gb, ATX)', 'asus-p5qlepu-lga775-4xddr2-up-to-16gb-atx', 2800, 1),
(1059, 5, 0, 0, '00-00000382', 0, 'HDD 3,5 40Gb IDE', 'HDD 3,5 40Gb IDE', 'hdd-35-40gb-ide', 500, 1),
(1060, -1, 0, 0, '00-00000207', 0, 'Asrock H87 Pro4 (LGA1150, DDR3 1600 x4 up to 32, PCI-E, VGA, DVI, ATX)', 'Asrock H87 Pro4 (LGA1150, DDR3 1600 x4 up to 32, PCI-E, VGA, DVI, ATX)', 'asrock-h87-pro4-lga1150-ddr3-1600-x4-up-to-32-pci-e-vga-dvi-atx', 4000, 1),
(1057, 5, 0, 0, '00-00000384', 0, 'HDD 3,5 80Gb Sata', 'HDD 3,5 80Gb Sata', 'hdd-35-80gb-sata', 600, 1),
(1058, 5, 0, 0, '00-00000383', 0, 'HDD 3,5 80Gb IDE', 'HDD 3,5 80Gb IDE', 'hdd-35-80gb-ide', 550, 1),
(1055, 5, 0, 0, '00-00000392', 0, 'HDD 3,5 160Gb IDE', 'HDD 3,5 160Gb IDE', 'hdd-35-160gb-ide', 1050, 1),
(1056, 5, 0, 0, '00-00000393', 0, 'HDD 3,5 120Gb IDE', 'HDD 3,5 120Gb IDE', 'hdd-35-120gb-ide', 800, 1),
(1049, 5, 0, 0, '00-00000395', 0, 'HDD 3,5 320Gb Sata', 'HDD 3,5 320Gb Sata', 'hdd-35-320gb-sata', 1650, 1),
(1050, 5, 0, 0, '00-00000386', 0, 'HDD 3,5 250Gb Sata', 'HDD 3,5 250Gb Sata', 'hdd-35-250gb-sata', 1500, 1),
(1051, 5, 0, 0, '00-00000396', 0, 'HDD 3,5 320Gb IDE', 'HDD 3,5 320Gb IDE', 'hdd-35-320gb-ide', 1500, 1),
(1052, 5, 0, 0, '00-00000387', 0, 'HDD 3,5 250Gb IDE', 'HDD 3,5 250Gb IDE', 'hdd-35-250gb-ide', 1350, 1),
(1053, 5, 0, 0, '00-00000389', 0, 'HDD 3,5 200Gb IDE', 'HDD 3,5 200Gb IDE', 'hdd-35-200gb-ide', 1200, 1),
(1054, 5, 0, 0, '00-00000391', 0, 'HDD 3,5 160Gb Sata', 'HDD 3,5 160Gb Sata', 'hdd-35-160gb-sata', 1200, 1),
(1048, 5, 0, 0, '00-00000394', 0, 'HDD 3,5 400Gb Sata', 'HDD 3,5 400Gb Sata', 'hdd-35-400gb-sata', 1750, 1),
(1047, 5, 0, 0, '00-00000400', 0, 'HDD 2,5 250Gb Sata', 'HDD 2,5 250Gb Sata', 'hdd-25-250gb-sata', 1800, 1),
(1046, 5, 0, 0, '00-00000397', 0, 'HDD 3,5 500Gb Sata', 'HDD 3,5 500Gb Sata', 'hdd-35-500gb-sata', 1950, 1),
(1045, 5, 0, 0, '00-00000390', 0, 'HDD 3,5 1Tb sata', 'HDD 3,5 1Tb sata', 'hdd-35-1tb-sata', 3500, 1),
(1044, 5, 0, 0, '00-00000399', 0, 'HDD 3,5 500Gb Sata NEW', 'HDD 3,5 500Gb Sata NEW', 'hdd-35-500gb-sata-new', 3900, 1),
(1043, 5, 0, 0, '00-00000385', 0, 'HDD 3,5 2TB Sata', 'HDD 3,5 2TB Sata', 'hdd-35-2tb-sata', 4000, 1),
(1042, 7, 0, 0, '00-00000352', 0, '???? ??????? NoName 300W', '???? ??????? NoName 300W', 'blok-pitaniya-noname-300w', 550, 1),
(1041, 7, 0, 0, '00-00000354', 0, '???? ??????? NoName 400W', '???? ??????? NoName 400W', 'blok-pitaniya-noname-400w', 750, 1),
(1040, 7, 0, 0, '00-00000339', 0, '???? ??????? FSP 350W', '???? ??????? FSP 350W', 'blok-pitaniya-fsp-350w', 750, 1),
(1039, 7, 0, 0, '00-00000337', 0, '???? ??????? NoName 450W', '???? ??????? NoName 450W', 'blok-pitaniya-noname-450w', 1000, 1),
(1037, -1, 0, 0, '00-00000418', 0, 'HIGH POWER 600HPC 600W', 'HIGH POWER 600HPC 600W', 'high-power-600hpc-600w', 3000, 1),
(1038, 7, 0, 0, '00-00000336', 0, '???? ??????? FSP 450W', '???? ??????? FSP 450W', 'blok-pitaniya-fsp-450w', 1500, 1),
(1036, -1, 0, 0, '00-00000415', 0, 'Thermaltake Toughpower 600W', 'Thermaltake Toughpower 600W', 'thermaltake-toughpower-600w', 3000, 1),
(1035, -1, 0, 0, '00-00000417', 0, 'OCZ OCZ600MXSP 600W', 'OCZ OCZ600MXSP 600W', 'ocz-ocz600mxsp-600w', 3500, 1),
(1033, -1, 0, 0, '00-00000414', 0, 'FSP Group Epsilon 80PLUS 1010W', 'FSP Group Epsilon 80PLUS 1010W', 'fsp-group-epsilon-80plus-1010w', 6000, 1),
(1034, -1, 0, 0, '00-00000416', 0, 'AeroCool VP Pro-700W', 'AeroCool VP Pro-700W', 'aerocool-vp-pro-700w', 4000, 1),
(1032, 1, 1, 0, '00-00000155', 1, 'AMD Athlon 64 X2 4400+ Brisbane (2300MHz, AM2, L2 1024Kb)', 'AMD Athlon 64 X2 4400+ Brisbane (2300MHz, AM2, L2 1024Kb)', 'amd-athlon-64-x2-4400-brisbane-2300mhz-am2-l2-1024kb', 500, 1),
(1031, 1, 1, 0, '00-00000154', 1, 'AMD Athlon 64 X2 4200+ Windsor (2200MHz, AM2, L2 1024Kb)', 'AMD Athlon 64 X2 4200+ Windsor (2200MHz, AM2, L2 1024Kb)', 'amd-athlon-64-x2-4200-windsor-2200mhz-am2-l2-1024kb', 500, 1),
(1030, 1, 1, 0, '00-00000156', 1, 'AMD Athlon 64 X2 4600+ Brisbane (2400MHz, AM2, L2 1024Kb)', 'AMD Athlon 64 X2 4600+ Brisbane (2400MHz, AM2, L2 1024Kb)', 'amd-athlon-64-x2-4600-brisbane-2400mhz-am2-l2-1024kb', 600, 1),
(1029, 1, 1, 0, '00-00000157', 1, 'AMD Athlon 64 X2 4800+ Brisbane (2500MHz, AM2, L2 1024Kb)', 'AMD Athlon 64 X2 4800+ Brisbane (2500MHz, AM2, L2 1024Kb)', 'amd-athlon-64-x2-4800-brisbane-2500mhz-am2-l2-1024kb', 700, 1),
(1028, 1, 1, 0, '00-00000410', 1, 'AMD Athlon X2 Dual-Core 4850e Brisbane (2500MHz, AM2, L2 1024Kb)', 'AMD Athlon X2 Dual-Core 4850e Brisbane (2500MHz, AM2, L2 1024Kb)', 'amd-athlon-x2-dual-core-4850e-brisbane-2500mhz-am2-l2-1024kb', 800, 1),
(1027, 1, 1, 0, '00-00000159', 1, 'AMD Athlon 64 X2 5400+ Brisbane (2800MHz, AM2, L2 1024Kb)', 'AMD Athlon 64 X2 5400+ Brisbane (2800MHz, AM2, L2 1024Kb)', 'amd-athlon-64-x2-5400-brisbane-2800mhz-am2-l2-1024kb', 1100, -1),
(1025, 1, 1, 0, '00-00000161', 1, 'AMD Athlon 64 X2 6000+ Windsor (3000MHz, AM2, L2 2048Kb)', 'AMD Athlon 64 X2 6000+ Windsor (3000MHz, AM2, L2 2048Kb)', 'amd-athlon-64-x2-6000-windsor-3000mhz-am2-l2-2048kb', 1500, 1),
(1026, 1, 1, 0, '00-00000160', 1, 'AMD Athlon 64 X2 5600+ Windsor (2800MHz, AM2, L2 2048Kb)', 'AMD Athlon 64 X2 5600+ Windsor (2800MHz, AM2, L2 2048Kb)', 'amd-athlon-64-x2-5600-windsor-2800mhz-am2-l2-2048kb', 1200, 1),
(1024, 1, 1, 0, '00-00000412', 1, 'AMD Phenom X3 8450 Toliman (2100MHz, AM2+, L3 2048Kb)', 'AMD Phenom X3 8450 Toliman (2100MHz, AM2+, L3 2048Kb)', 'amd-phenom-x3-8450-toliman-2100mhz-am2-l3-2048kb', 900, 1),
(1023, 1, 1, 0, '00-00000162', 1, 'AMD Athlon II X2 215 (2700MHz, AM3, L2 1024Kb)', 'AMD Athlon II X2 215 (2700MHz, AM3, L2 1024Kb)', 'amd-athlon-ii-x2-215-2700mhz-am3-l2-1024kb', 1000, 1),
(1020, 1, 1, 0, '00-00000167', 1, 'AMD Phenom II X2  521 Regor (3500MHz, AM3, L2 2048Kb)', 'AMD Phenom II X2  521 Regor (3500MHz, AM3, L2 2048Kb)', 'amd-phenom-ii-x2--521-regor-3500mhz-am3-l2-2048kb', 2000, 1),
(1022, 1, 1, 0, '00-00000163', 1, 'AMD Athlon II X2 250 (3000MHz, AM3, L2 2048Kb)', 'AMD Athlon II X2 250 (3000MHz, AM3, L2 2048Kb)', 'amd-athlon-ii-x2-250-3000mhz-am3-l2-2048kb', 1500, 1),
(1021, 1, 1, 0, '00-00000164', 1, 'AMD Athlon II X3 450 (3200MHz, AM3, L2 1536Kb)', 'AMD Athlon II X3 450 (3200MHz, AM3, L2 1536Kb)', 'amd-athlon-ii-x3-450-3200mhz-am3-l2-1536kb', 1900, 1),
(1019, 1, 1, 0, '00-00000165', 1, 'AMD Phenom II X2 555Calisto (3200MHz, AM3, L3 6144Kb)', 'AMD Phenom II X2 555Calisto (3200MHz, AM3, L3 6144Kb)', 'amd-phenom-ii-x2-555calisto-3200mhz-am3-l3-6144kb', 2800, 1),
(1018, 1, 1, 0, '00-00000413', 1, 'AMD Athlon II X4 640 Propus (3000MHz, AM3, L2 2048Kb)', 'AMD Athlon II X4 640 Propus (3000MHz, AM3, L2 2048Kb)', 'amd-athlon-ii-x4-640-propus-3000mhz-am3-l2-2048kb', 3000, 1),
(1017, 1, 1, 0, '00-00000411', 1, 'AMD FX-4100 Zambezi (3600MHz, AM3+, L3 8192Kb)', 'AMD FX-4100 Zambezi (3600MHz, AM3+, L3 8192Kb)', 'amd-fx-4100-zambezi-3600mhz-am3-l3-8192kb', 4000, 1),
(1016, 1, 1, 0, '00-00000166', 1, 'AMD Phenom II X4 980 Black Deneb (3200MHz, AM3, L3 6144Kb)', 'AMD Phenom II X4 980 Black Deneb (3200MHz, AM3, L3 6144Kb)', 'amd-phenom-ii-x4-980-black-deneb-3200mhz-am3-l3-6144kb', 5000, 1),
(1015, 1, 1, 0, '00-00000363', 1, 'AMD FX-6300 Vishera (3500 MHz, AM3+, L3 8192Kb)', 'AMD FX-6300 Vishera (3500 MHz, AM3+, L3 8192Kb)', 'amd-fx-6300-vishera-3500-mhz-am3-l3-8192kb', 6700, 1),
(1014, 1, 1, 0, '00-00000409', 2, 'Intel Celeron 430 Conroe-L (1800MHz, LGA775, L2 512Kb, 800MHz)', 'Intel Celeron 430 Conroe-L (1800MHz, LGA775, L2 512Kb, 800MHz)', 'intel-celeron-430-conroe-l-1800mhz-lga775-l2-512kb-800mhz', 100, 1),
(1013, 1, 1, 0, '00-00000408', 2, 'Intel Celeron D 336 Prescott (2800MHz, LGA775, L2 256Kb, 533MHz)', 'Intel Celeron D 336 Prescott (2800MHz, LGA775, L2 256Kb, 533MHz)', 'intel-celeron-d-336-prescott-2800mhz-lga775-l2-256kb-533mhz', 100, 1),
(1012, 1, 1, 0, '00-00000407', 2, 'Intel Pentium 4 640 Prescott (3200MHz, LGA775, L2 2048Kb, 800MHz)', 'Intel Pentium 4 640 Prescott (3200MHz, LGA775, L2 2048Kb, 800MHz)', 'intel-pentium-4-640-prescott-3200mhz-lga775-l2-2048kb-800mhz', 100, 1),
(1011, 1, 1, 0, '00-00000193', 2, 'Intel Pentium E2160 Conroe (1800MHz, LGA775, L2 1024Kb, 800MHz)', 'Intel Pentium E2160 Conroe (1800MHz, LGA775, L2 1024Kb, 800MHz)', 'intel-pentium-e2160-conroe-1800mhz-lga775-l2-1024kb-800mhz', 300, 1),
(1010, 1, 1, 0, '00-00000004', 2, 'Intel Celeron E1200 Allendale (1600MHz, LGA775, L2 512Kb, 800MHz)', 'Intel Celeron E1200 Allendale (1600MHz, LGA775, L2 512Kb, 800MHz)', 'intel-celeron-e1200-allendale-1600mhz-lga775-l2-512kb-800mhz', 300, 1),
(1009, 1, 1, 0, '00-00000195', 2, 'Intel Pentium E2200 Conroe (2200MHz, LGA775, L2 1024Kb, 800MHz)', 'Intel Pentium E2200 Conroe (2200MHz, LGA775, L2 1024Kb, 800MHz)', 'intel-pentium-e2200-conroe-2200mhz-lga775-l2-1024kb-800mhz', 350, 1),
(1008, 1, 1, 0, '00-00000194', 2, 'Intel Pentium E2180 Conroe (2000MHz, LGA775, L2 1024Kb, 800MHz)', 'Intel Pentium E2180 Conroe (2000MHz, LGA775, L2 1024Kb, 800MHz)', 'intel-pentium-e2180-conroe-2000mhz-lga775-l2-1024kb-800mhz', 400, 1),
(1006, 1, 1, 0, '00-00000171', 2, 'Intel Core 2 Duo E4300 Allendale (1800MHz, LGA775, L2 2048Kb, 800MHz)', 'Intel Core 2 Duo E4300 Allendale (1800MHz, LGA775, L2 2048Kb, 800MHz)', 'intel-core-2-duo-e4300-allendale-1800mhz-lga775-l2-2048kb-800mhz', 600, 2),
(1007, 1, 1, 0, '00-00000192', 2, 'Intel Pentium D 945 Presler (3400MHz, LGA775, L2 4096Kb, 800MHz)', 'Intel Pentium D 945 Presler (3400MHz, LGA775, L2 4096Kb, 800MHz)', 'intel-pentium-d-945-presler-3400mhz-lga775-l2-4096kb-800mhz', 500, 1),
(1004, 1, 1, 0, '00-00000168', 2, 'Intel Celeron E3200 Wolfdale (2400MHz, LGA775, L2 1024Kb, 800MHz)', 'Intel Celeron E3200 Wolfdale (2400MHz, LGA775, L2 1024Kb, 800MHz)', 'intel-celeron-e3200-wolfdale-2400mhz-lga775-l2-1024kb-800mhz', 600, 1),
(1005, 1, 1, 0, '00-00000169', 2, 'Intel Celeron E3300 Wolfdale (2500MHz, LGA775, L2 1024Kb, 800MHz)', 'Intel Celeron E3300 Wolfdale (2500MHz, LGA775, L2 1024Kb, 800MHz)', 'intel-celeron-e3300-wolfdale-2500mhz-lga775-l2-1024kb-800mhz', 600, 1),
(1003, 1, 1, 0, '00-00000196', 2, 'Intel Pentium E5300 Wolfdale (2600MHz, LGA775, L2 2048Kb, 800MHz)', 'Intel Pentium E5300 Wolfdale (2600MHz, LGA775, L2 2048Kb, 800MHz)', 'intel-pentium-e5300-wolfdale-2600mhz-lga775-l2-2048kb-800mhz', 650, 1),
(1002, 1, 1, 0, '00-00000176', 2, 'Intel Core 2 Duo E6320 Conroe (1867MHz, LGA775, L2 4096Kb, 1066MHz)', 'Intel Core 2 Duo E6320 Conroe (1867MHz, LGA775, L2 4096Kb, 1066MHz)', 'intel-core-2-duo-e6320-conroe-1867mhz-lga775-l2-4096kb-1066mhz', 650, 1),
(1000, 1, 1, 0, '00-00000197', 2, 'Intel Pentium E5400 Wolfdale (2700MHz, LGA775, L2 2048Kb, 800MHz)', 'Intel Pentium E5400 Wolfdale (2700MHz, LGA775, L2 2048Kb, 800MHz)', 'intel-pentium-e5400-wolfdale-2700mhz-lga775-l2-2048kb-800mhz', 700, 1),
(1001, 1, 1, 0, '00-00000172', 2, 'Intel Core 2 Duo E4400 Allendale (2000MHz, LGA775, L2 2048Kb, 800MHz)', 'Intel Core 2 Duo E4400 Allendale (2000MHz, LGA775, L2 2048Kb, 800MHz)', 'intel-core-2-duo-e4400-allendale-2000mhz-lga775-l2-2048kb-800mhz', 650, 1),
(999, 1, 1, 0, '00-00000173', 2, 'Intel Core 2 Duo E4500 Allendale (2200MHz, LGA775, L2 2048Kb, 800MHz)', 'Intel Core 2 Duo E4500 Allendale (2200MHz, LGA775, L2 2048Kb, 800MHz)', 'intel-core-2-duo-e4500-allendale-2200mhz-lga775-l2-2048kb-800mhz', 700, 1),
(998, 1, 1, 0, '00-00000170', 2, 'Intel Celeron E3400 Wolfdale (2600MHz, LGA775, L2 1024Kb, 800MHz)', 'Intel Celeron E3400 Wolfdale (2600MHz, LGA775, L2 1024Kb, 800MHz)', 'intel-celeron-e3400-wolfdale-2600mhz-lga775-l2-1024kb-800mhz', 700, 1),
(997, 1, 1, 0, '00-00000178', 2, 'Intel Core 2 Duo E6550 Conroe (2333MHz, LGA775, L2 4096Kb, 1333MHz)', 'Intel Core 2 Duo E6550 Conroe (2333MHz, LGA775, L2 4096Kb, 1333MHz)', 'intel-core-2-duo-e6550-conroe-2333mhz-lga775-l2-4096kb-1333mhz', 900, 1),
(996, 1, 1, 0, '00-00000174', 2, 'Intel Core 2 Duo E4700 Allendale (2600MHz, LGA775, L2 2048Kb, 800MHz)', 'Intel Core 2 Duo E4700 Allendale (2600MHz, LGA775, L2 2048Kb, 800MHz)', 'intel-core-2-duo-e4700-allendale-2600mhz-lga775-l2-2048kb-800mhz', 900, 1),
(995, 1, 1, 0, '00-00000199', 2, 'Intel Pentium E5700 Wolfdale (3000MHz, LGA775, L2 2048Kb, 800MHz)', 'Intel Pentium E5700 Wolfdale (3000MHz, LGA775, L2 2048Kb, 800MHz)', 'intel-pentium-e5700-wolfdale-3000mhz-lga775-l2-2048kb-800mhz', 1100, 1),
(994, 1, 1, 0, '00-00000179', 2, 'Intel Core 2 Duo E6750 Conroe (2667MHz, LGA775, L2 4096Kb, 1333MHz)', 'Intel Core 2 Duo E6750 Conroe (2667MHz, LGA775, L2 4096Kb, 1333MHz)', 'intel-core-2-duo-e6750-conroe-2667mhz-lga775-l2-4096kb-1333mhz', 1200, 1),
(993, 1, 1, 0, '00-00000184', 2, 'Intel Core 2 Duo E8200 Wolfdale (2667MHz, LGA775, L2 6144Kb, 1333MHz)', 'Intel Core 2 Duo E8200 Wolfdale (2667MHz, LGA775, L2 6144Kb, 1333MHz)', 'intel-core-2-duo-e8200-wolfdale-2667mhz-lga775-l2-6144kb-1333mhz', 1300, 1),
(992, 1, 1, 0, '00-00000181', 2, 'Intel Core 2 Duo E7300 Wolfdale (2667MHz, LGA775, L2 3072Kb, 1066MHz)', 'Intel Core 2 Duo E7300 Wolfdale (2667MHz, LGA775, L2 3072Kb, 1066MHz)', 'intel-core-2-duo-e7300-wolfdale-2667mhz-lga775-l2-3072kb-1066mhz', 1300, 1),
(991, 1, 1, 0, '00-00000182', 2, 'Intel Core 2 Duo E7400 Wolfdale (2800MHz, LGA775, L2 3072Kb, 1066MHz)', 'Intel Core 2 Duo E7400 Wolfdale (2800MHz, LGA775, L2 3072Kb, 1066MHz)', 'intel-core-2-duo-e7400-wolfdale-2800mhz-lga775-l2-3072kb-1066mhz', 1400, 1),
(990, 1, 1, 0, '00-00000185', 2, 'Intel Core 2 Duo E8400 Wolfdale (3000MHz, LGA775, L2 6144Kb, 1333MHz)', 'Intel Core 2 Duo E8400 Wolfdale (3000MHz, LGA775, L2 6144Kb, 1333MHz)', 'intel-core-2-duo-e8400-wolfdale-3000mhz-lga775-l2-6144kb-1333mhz', 1500, 1),
(989, 1, 1, 0, '00-00000183', 2, 'Intel Core 2 Duo E7500 Wolfdale (2933MHz, LGA775, L2 3072Kb, 1066MHz)', 'Intel Core 2 Duo E7500 Wolfdale (2933MHz, LGA775, L2 3072Kb, 1066MHz)', 'intel-core-2-duo-e7500-wolfdale-2933mhz-lga775-l2-3072kb-1066mhz', 1500, 1),
(988, 1, 1, 0, '00-00000365', 2, 'Intel Core 2 Quad Q9400 Yorkfield (2667MHz, LGA775, L2 6144Kb, 1333MHz)', 'Intel Core 2 Quad Q9400 Yorkfield (2667MHz, LGA775, L2 6144Kb, 1333MHz)', 'intel-core-2-quad-q9400-yorkfield-2667mhz-lga775-l2-6144kb-1333mhz', 3500, 1),
(987, 1, 1, 0, '00-00000200', 2, 'Intel Xeon X5450 Harpertown (3000MHz, LGA771, L2 12288Kb, 1333MHz)', 'Intel Xeon X5450 Harpertown (3000MHz, LGA771, L2 12288Kb, 1333MHz)', 'intel-xeon-x5450-harpertown-3000mhz-lga771-l2-12288kb-1333mhz', 4000, 1),
(986, 1, 1, 0, '00-00000191', 2, 'Intel Pentium G630 Sandy Bridge (2700MHz, LGA1155, L3 3072Kb)', 'Intel Pentium G630 Sandy Bridge (2700MHz, LGA1155, L3 3072Kb)', 'intel-pentium-g630-sandy-bridge-2700mhz-lga1155-l3-3072kb', 2500, 1),
(985, 1, 1, 0, '00-00000187', 2, 'Intel Core i3-2100 Sandy Bridge (3100MHz, LGA1155, L3 3072Kb)', 'Intel Core i3-2100 Sandy Bridge (3100MHz, LGA1155, L3 3072Kb)', 'intel-core-i3-2100-sandy-bridge-3100mhz-lga1155-l3-3072kb', 6000, 1),
(983, 1, 1, 0, '00-00000406', 2, 'Intel Core i5-2500S Sandy Bridge (2700MHz, LGA1155, L3 6144Kb)', 'Intel Core i5-2500S Sandy Bridge (2700MHz, LGA1155, L3 6144Kb)', 'intel-core-i5-2500s-sandy-bridge-2700mhz-lga1155-l3-6144kb', 9000, 1),
(984, 1, 1, 0, '00-00000188', 2, 'Intel Core i3-2120 Sandy Bridge (3300MHz, LGA1155, L3 3072Kb)', 'Intel Core i3-2120 Sandy Bridge (3300MHz, LGA1155, L3 3072Kb)', 'intel-core-i3-2120-sandy-bridge-3300mhz-lga1155-l3-3072kb', 6100, 1),
(981, 2, 2, 1, '00-00000375', 0, 'Nvidia 6600 GT 256MB 128bit AGP', 'Nvidia 6600 GT 256MB 128bit AGP', 'nvidia-6600-gt-256mb-128bit-agp', 600, 1),
(982, 1, 1, 0, '00-00000190', 2, 'Intel Core i5-3450 Ivy Bridge (3100MHz, LGA1155, L3 6144Kb)', 'Intel Core i5-3450 Ivy Bridge (3100MHz, LGA1155, L3 6144Kb)', 'intel-core-i5-3450-ivy-bridge-3100mhz-lga1155-l3-6144kb', 11000, 1),
(980, 2, 2, 0, '00-00000018', 3, 'Asus GT 520 1GB 64bit', 'Asus GT 520 1GB 64bit', 'asus-gt-520-1gb-64bit', 1400, 1),
(978, 2, 2, 0, '00-00000095', 0, 'NoName 8600 GT 1GB 128bit', 'NoName 8600 GT 1GB 128bit', 'noname-8600-gt-1gb-128bit', 1800, 1),
(979, 2, 2, 1, '00-00000101', 0, 'Palit 9600 GSO 384MB 192bit', 'Palit 9600 GSO 384MB 192bit', 'palit-9600-gso-384mb-192bit', 1500, 1),
(976, -1, 0, 0, '00-00000370', 0, 'Point of View 9600 GT 512MB 256BIT', 'Point of View 9600 GT 512MB 256BIT', 'point-of-view-9600-gt-512mb-256bit', 2100, 1),
(977, -1, 0, 0, '00-00000085', 0, 'Sparkle 9500 GT 1GB 128bit', 'Sparkle 9500 GT 1GB 128bit', 'sparkle-9500-gt-1gb-128bit', 2000, 1),
(974, -1, 0, 0, '00-00000125', 0, 'Leadtek 9600 GT 512MB 256bit', 'Leadtek 9600 GT 512MB 256bit', 'leadtek-9600-gt-512mb-256bit', 2100, 1),
(975, -1, 0, 0, '00-00000369', 0, 'Manli GF 9600GT 512MB 256bit', 'Manli GF 9600GT 512MB 256bit', 'manli-gf-9600gt-512mb-256bit', 2100, 1),
(973, 2, 2, 0, '00-00000116', 4, 'Gainward 9600GT 512MB 256bit', 'Gainward 9600GT 512MB 256bit', 'gainward-9600gt-512mb-256bit', 2100, 1),
(971, 2, 2, 0, '00-00000017', 3, 'Asus 9600 GT 512MB 256bit', 'Asus 9600 GT 512MB 256bit', 'asus-9600-gt-512mb-256bit', 2100, 1),
(972, -1, 0, 0, '00-00000086', 0, 'Zotac 9600 GT 512MB 256bit', 'Zotac 9600 GT 512MB 256bit', 'zotac-9600-gt-512mb-256bit', 2100, 1),
(970, 2, 2, 0, '00-00000146', 7, 'Palit 9800 GT 512MB 256bit', 'Palit 9800 GT 512MB 256bit', 'palit-9800-gt-512mb-256bit', 2200, 1),
(969, -1, 0, 0, '00-00000041', 0, 'Gigabyte GT 240 1GB 128bit', 'Gigabyte GT 240 1GB 128bit', 'gigabyte-gt-240-1gb-128bit', 2400, 1),
(968, 2, 0, 1, '00-00000603', 0, 'Palit GTS 250 1Gb 256bit', 'Palit GTS 250 1Gb 256bit', 'palit-gts-250-1gb-256bit', 2700, 1),
(966, -1, 0, 0, '00-00000377', 0, 'Zotac GT 640 2GB 128bit', 'Zotac GT 640 2GB 128bit', 'zotac-gt-640-2gb-128bit', 3200, 1),
(967, -1, 0, 0, '00-00000372', 0, 'Gigabyte GT 430 1GB 128bit', 'Gigabyte GT 430 1GB 128bit', 'gigabyte-gt-430-1gb-128bit', 2700, 1),
(965, 2, 0, 1, '00-00000099', 0, 'Palit GTS 450 512MB 128bit', 'Palit GTS 450 512MB 128bit', 'palit-gts-450-512mb-128bit', 3200, 1),
(963, 2, 2, 0, '00-00000035', 4, 'Gainward GTX 260 GS 896MB 448bit', 'Gainward GTX 260 GS 896MB 448bit', 'gainward-gtx-260-gs-896mb-448bit', 3500, 1),
(964, 2, 2, 0, '00-00000097', 7, 'Palit GT 640 2GB 128bit', 'Palit GT 640 2GB 128bit', 'palit-gt-640-2gb-128bit', 3200, 1),
(962, 2, 2, 0, '00-00000034', 4, 'Gainward GTS 450 1GB 128bit', 'Gainward GTS 450 1GB 128bit', 'gainward-gts-450-1gb-128bit', 3500, 1),
(961, -1, 0, 0, '00-00000373', 0, 'Leadtek GTX 550 TI 1GB 129bit', 'Leadtek GTX 550 TI 1GB 129bit', 'leadtek-gtx-550-ti-1gb-129bit', 4200, 1),
(960, 2, 2, 0, '00-00000061', 6, 'MSI GTX 550 TI 1GB 192bit', 'MSI GTX 550 TI 1GB 192bit', 'msi-gtx-550-ti-1gb-192bit', 4200, 1),
(959, 2, 0, 1, '00-00000060', 0, 'MSI GTX 550 TI 1GB 192bit Cyclone II', 'MSI GTX 550 TI 1GB 192bit Cyclone II', 'msi-gtx-550-ti-1gb-192bit-cyclone-ii', 4500, 1),
(958, 2, 2, 0, '00-00000066', 8, 'Point of View GTX 560 1GB 256bit', 'Point of View GTX 560 1GB 256bit', 'point-of-view-gtx-560-1gb-256bit', 4800, 1),
(957, 2, 2, 0, '00-00000024', 3, 'Asus GTX 660 2GB 192bit', 'Asus GTX 660 2GB 192bit', 'asus-gtx-660-2gb-192bit', 10000, 1),
(954, 3, 0, 0, '00-00000374', 0, 'Asus X1650 PRO 256MB 128bit', 'Asus X1650 PRO 256MB 128bit', 'asus-x1650-pro-256mb-128bit', 600, 1),
(955, 2, 2, 0, '00-00000600', 0, 'NoName PCI-e 128-256mb', 'NoName PCI-e 128-256mb', 'noname-pci-e-128-256mb', 600, 1),
(956, 2, 0, 1, '00-00000057', 0, 'MSI GTX 660 OC 2GB 192bit', 'MSI GTX 660 OC 2GB 192bit', 'msi-gtx-660-oc-2gb-192bit', 12000, 1),
(953, 2, 0, 1, '00-00000368', 0, 'Sapphire X1650 PRO 256MB 128bit', 'Sapphire X1650 PRO 256MB 128bit', 'sapphire-x1650-pro-256mb-128bit', 600, 1),
(952, 2, 2, 0, '00-00000371', 9, 'Sapphire X 1950 Pro 256MB 256bit', 'Sapphire X 1950 Pro 256MB 256bit', 'sapphire-x-1950-pro-256mb-256bit', 800, 1),
(951, 2, 2, 1, '00-00000380', 5, 'Gigabyte HD 4670 512MB 128bit', 'Gigabyte HD 4670 512MB 128bit', 'gigabyte-hd-4670-512mb-128bit', 1000, 1),
(950, 2, 2, 0, '00-00000077', 9, 'Sapphire HD 3650 512MB 128bit', 'Sapphire HD 3650 512MB 128bit', 'sapphire-hd-3650-512mb-128bit', 1000, 1),
(949, 2, 0, 1, '00-00000601', 0, 'PowerColor HD 8450 1Gb 64bit', 'PowerColor HD 8450 1Gb 64bit', 'powercolor-hd-8450-1gb-64bit', 1400, 1),
(948, 2, 0, 1, '00-00000376', 0, 'Palit HD 4850 512MB 256bit', 'Palit HD 4850 512MB 256bit', 'palit-hd-4850-512mb-256bit', 1700, 1),
(947, 2, 0, 1, '00-00000132', 0, 'Sapphire HD 4850 512MB 256bit', 'Sapphire HD 4850 512MB 256bit', 'sapphire-hd-4850-512mb-256bit', 1700, 1),
(946, -1, 0, 0, '00-00000048', 0, 'Gigabyte HD 4850 512MB 256bit', 'Gigabyte HD 4850 512MB 256bit', 'gigabyte-hd-4850-512mb-256bit', 1700, 1),
(945, 2, 2, 0, '00-00000119', 5, 'Gigabyte HD 4650 1GB 128bit AGP', 'Gigabyte HD 4650 1GB 128bit AGP', 'gigabyte-hd-4650-1gb-128bit-agp', 2500, 1),
(944, 2, 0, 1, '00-00000130', 0, 'PowerColor HD 5770 1GB 128bit', 'PowerColor HD 5770 1GB 128bit', 'powercolor-hd-5770-1gb-128bit', 3000, 1),
(943, 2, 0, 1, '00-00000080', 0, 'Sapphire HD 5770 512MB 128bit', 'Sapphire HD 5770 512MB 128bit', 'sapphire-hd-5770-512mb-128bit', 3200, 1),
(940, 2, 2, 0, '00-00000025', 0, 'Asus HD 7750 1GB 128bit', 'Asus HD 7750 1GB 128bit', 'asus-hd-7750-1gb-128bit', 4000, 1),
(941, -1, 0, 0, '00-00000378', 0, 'Gigabyte HD 7750 1GB 128bit', 'Gigabyte HD 7750 1GB 128bit', 'gigabyte-hd-7750-1gb-128bit', 4000, 1),
(942, 2, 0, 1, '00-00000081', 0, 'Sapphire HD 6750 1GB 128bit', 'Sapphire HD 6750 1GB 128bit', 'sapphire-hd-6750-1gb-128bit', 3500, 1),
(939, 2, 0, 1, '00-00000083', 0, 'Sapphire HD 7770 1GB 128bit', 'Sapphire HD 7770 1GB 128bit', 'sapphire-hd-7770-1gb-128bit', 4500, 1),
(938, 2, 0, 1, '00-00000068', 0, 'PowerColor HD 6850 1GB 256bit', 'PowerColor HD 6850 1GB 256bit', 'powercolor-hd-6850-1gb-256bit', 4800, 1),
(935, 2, 0, 1, '00-00000084', 0, 'Sapphire HD 7850 2GB  256bit', 'Sapphire HD 7850 2GB  256bit', 'sapphire-hd-7850-2gb--256bit', 9200, 1),
(936, 2, 0, 1, '00-00000379', 0, 'Sapphire HD 5850 2GB 256bit', 'Sapphire HD 5850 2GB 256bit', 'sapphire-hd-5850-2gb-256bit', 6500, 1),
(937, 2, 0, 1, '00-00000134', 0, 'Sapphire HD 6870 1GB 256bit', 'Sapphire HD 6870 1GB 256bit', 'sapphire-hd-6870-1gb-256bit', 5600, 1),
(933, 8, 0, 0, '00-00000535', 0, '???? ????????? ? ?????? ?/?', '???? ????????? ? ?????? ?/?', 'mysh-provodnaya-v-assort-bu', 100, 1),
(934, -1, 0, 0, '00-00000051', 0, 'HIS HD 7950 3GB 384bit', 'HIS HD 7950 3GB 384bit', 'his-hd-7950-3gb-384bit', 12000, 1),
(932, -1, 0, 0, '00-00000538', 0, '?????????? ????????? ??', '?????????? ????????? ??', 'klaviatura-provodnaya-bu', 250, 1),
(930, -1, 0, 0, '00-00000583', 0, '??????? Oklic', '??????? Oklic', 'gejmpad-oklic', 300, 1),
(931, 8, 0, 0, '00-00000536', 0, '???? ???????????? ? ?????? ?/?', '???? ???????????? ? ?????? ?/?', 'mysh-besprovodnaya-v-assort-bu', 250, 1),
(929, -1, 0, 0, '00-00000571', 0, '????????? USB ? ????????????', '????????? USB ? ????????????', 'vebkamera-usb-v-assortimente', 300, 1),
(928, -1, 0, 0, '00-00000506', 0, '????????? Hama AC-150 0,3?? ??', '????????? Hama AC-150 0,3?? ??', 'vebkamera-hama-ac-150-03mp-bu', 300, 1),
(927, -1, 0, 0, '00-00000507', 0, '??????? 2.0 Defender SPK-480 ?/?', '??????? 2.0 Defender SPK-480 ?/?', 'kolonki-20-defender-spk-480-bu', 350, 1),
(926, -1, 0, 0, '00-00000537', 0, '?????????? ???????????? ??', '?????????? ???????????? ??', 'klaviatura-besprovodnaya-bu', 450, 1),
(925, -1, 0, 0, '00-00000494', 0, '???????? Sven AP-860 ? ??????????', '???????? Sven AP-860 ? ??????????', 'naushniki-sven-ap-860-s-mikrofonom', 600, 1),
(924, 8, 0, 0, '00-00000503', 0, '????????????? DSL TP-Link TL-R402M', '????????????? DSL TP-Link TL-R402M', 'marshrutizator-dsl-tp-link-tl-r402m', 700, 1),
(923, -1, 0, 0, '00-00000580', 0, '???????????? ??????? 2.1 DNS LV-150', '???????????? ??????? 2.1 DNS LV-150', 'akusticheskaya-sistema-21-dns-lv-150', 800, 1),
(921, -1, 0, 0, '00-00000584', 0, '???????? Thrust Master T.Fly Strike-X', '???????? Thrust Master T.Fly Strike-X', 'dzhojstik-thrust-master-tfly-strike-x', 1000, 1),
(922, -1, 0, 0, '00-00000504', 0, '????? ??????? Wi-FI TP-Link WA701ND', '????? ??????? Wi-FI TP-Link WA701ND', 'tochka-dostupa-wi-fi-tp-link-wa701nd', 800, 1),
(919, 8, 0, 0, '00-00000505', 0, '????????????? TP-Link ADSL2+  TD-W8951ND', '????????????? TP-Link ADSL2+  TD-W8951ND', 'marshrutizator-tp-link-adsl2--td-w8951nd', 1100, 1),
(920, -1, 0, 0, '00-00000582', 0, '???? Genius Twin Wheel ? ????????', '???? Genius Twin Wheel ? ????????', 'rul-genius-twin-wheel-s-pedalyami', 1000, 1),
(918, -1, 0, 0, '00-00000581', 0, '???????????? ??????? 2.1 Creative Inspire G380', '???????????? ??????? 2.1 Creative Inspire G380', 'akusticheskaya-sistema-21-creative-inspire-g380', 1500, 1),
(917, -1, 0, 0, '00-00000539', 0, '?????????? ? ???????? Logitech K400 ???????????? ??', '?????????? ? ???????? Logitech K400 ???????????? ??', 'klaviatura-s-tachpadom-logitech-k400-besprovodnaya-bu', 1500, 1),
(914, -1, 0, 0, '00-00000486', 0, 'UPS APCpro 550', 'UPS APCpro 550', 'ups-apcpro-550', 2800, 1),
(915, -1, 0, 0, '00-00000487', 0, 'UPS APC CS500', 'UPS APC CS500', 'ups-apc-cs500', 1600, 1),
(916, -1, 0, 0, '00-00000502', 0, '?????????? 3Com V140S-16 16 ??????', '?????????? 3Com V140S-16 16 ??????', 'kommutator-3com-v140s-16-16-portov', 1600, 1),
(913, -1, 0, 0, '00-00000579', 0, 'Sony PS 3 ??????? ??????? 500GB', 'Sony PS 3 ??????? ??????? 500GB', 'sony-ps-3-igrovaya-konsol-500gb', 8000, 1),
(912, -1, 0, 0, '00-00000578', 0, 'Sony PS 4 ??????? ??????? 500GB', 'Sony PS 4 ??????? ??????? 500GB', 'sony-ps-4-igrovaya-konsol-500gb', 22000, 1),
(910, -1, 0, 0, '00-00000576', 0, '??????? Samsung R540 ??', '??????? Samsung R540 ??', 'noutbuk-samsung-r540-bu', 9900, 1),
(911, -1, 0, 0, '00-00000577', 0, '??????? Asus F80Q ??', '??????? Asus F80Q ??', 'noutbuk-asus-f80q-bu', 8000, 1),
(909, -1, 0, 0, '00-00000575', 0, '??????? DNS (0143201) PN: BL201 ??', '??????? DNS (0143201) PN: BL201 ??', 'noutbuk-dns-0143201-pn-bl201-bu', 11000, 1),
(907, -1, 0, 0, '00-00000573', 0, '??????? HP-DV7-6053er ??', '??????? HP-DV7-6053er ??', 'noutbuk-hp-dv7-6053er-bu', 26000, 1),
(908, -1, 0, 0, '00-00000574', 0, '??????? HP-g6-2208sr ??', '??????? HP-g6-2208sr ??', 'noutbuk-hp-g6-2208sr-bu', 21000, 1);

DROP TABLE IF EXISTS `mcat_values`;
CREATE TABLE `mcat_values` (
  `tvr` int(11) NOT NULL,
  `attr` int(11) NOT NULL,
  `t1` smallint(6) DEFAULT NULL,
  `t2` int(11) DEFAULT NULL,
  `t3` double DEFAULT NULL,
  `t4` date DEFAULT NULL,
  `t5` varchar(250) DEFAULT NULL,
  `t6` text,
  `t7` text,
  KEY `tvr` (`tvr`,`attr`)
) ENGINE=MyISAM DEFAULT CHARSET=utf8;

INSERT INTO `mcat_values` VALUES
(1, 1, NULL, 2, NULL, NULL, NULL, NULL, NULL),
(1, 2, NULL, 3200, NULL, NULL, NULL, NULL, NULL),
(1, 3, NULL, NULL, NULL, NULL, NULL, NULL, 'LGA 1151'),
(1, 4, NULL, 64, NULL, NULL, NULL, NULL, NULL),
(1, 5, NULL, 512, NULL, NULL, NULL, NULL, NULL),
(1, 6, NULL, 4096, NULL, NULL, NULL, NULL, NULL),
(2, 1, NULL, 4, NULL, NULL, NULL, NULL, NULL),
(2, 2, NULL, 3500, NULL, NULL, NULL, NULL, NULL),
(2, 3, NULL, NULL, NULL, NULL, NULL, NULL, 'LGA 1151'),
(2, 4, NULL, 64, NULL, NULL, NULL, NULL, NULL),
(2, 5, NULL, 1024, NULL, NULL, NULL, NULL, NULL),
(2, 6, NULL, 6144, NULL, NULL, NULL, NULL, NULL),
(3, 1, NULL, 4, NULL, NULL, NULL, NULL, NULL),
(3, 2, NULL, 3500, NULL, NULL, NULL, NULL, NULL),
(3, 3, NULL, NULL, NULL, NULL, NULL, NULL, 'LGA 1150'),
(3, 4, NULL, 64, NULL, NULL, NULL, NULL, NULL),
(3, 5, NULL, 1024, NULL, NULL, NULL, NULL, NULL),
(3, 6, NULL, 6144, NULL, NULL, NULL, NULL, NULL),
(4, 1, NULL, 8, NULL, NULL, NULL, NULL, NULL),
(4, 2, NULL, 4700, NULL, NULL, NULL, NULL, NULL),
(4, 4, NULL, 48, NULL, NULL, NULL, NULL, NULL),
(4, 5, NULL, 8192, NULL, NULL, NULL, NULL, NULL),
(4, 6, NULL, 8192, NULL, NULL, NULL, NULL, NULL),
(5, 1, NULL, 2, NULL, NULL, NULL, NULL, NULL),
(5, 2, NULL, 3800, NULL, NULL, NULL, NULL, NULL),
(5, 3, NULL, NULL, NULL, NULL, NULL, NULL, 'LGA 1150'),
(5, 4, NULL, 64, NULL, NULL, NULL, NULL, NULL),
(5, 5, NULL, 512, NULL, NULL, NULL, NULL, NULL),
(5, 6, NULL, 4096, NULL, NULL, NULL, NULL, NULL),
(6, 8, 1, NULL, NULL, NULL, NULL, NULL, NULL),
(6, 9, NULL, 128, NULL, NULL, NULL, NULL, NULL),
(6, 12, NULL, NULL, NULL, NULL, NULL, NULL, '3.0'),
(6, 13, NULL, NULL, NULL, NULL, NULL, NULL, '6 pin'),
(6, 7, NULL, 2048, NULL, NULL, NULL, NULL, NULL),
(6, 10, NULL, NULL, NULL, NULL, NULL, NULL, 'GDDR5'),
(6, 11, NULL, 400, NULL, NULL, NULL, NULL, NULL),
(6, 14, NULL, NULL, NULL, NULL, NULL, '<p>?????????? ASUS GeForce GTX 750 Ti  ??? ????? ??? ????????????, ??????? ?????? ??????????? ???? ????????? ??-?????????? ??????????????????????? ??????????????. ?????????????? ?????? ?????? ??????????? ???????????? ????????????? ??? ????????? ? ??????? ??????????. ??? ??????????? ???, ??? ??? ???????? ????? ???????????? ???????????????? ??? ????????? ??????????????? ??????????? ???. ?????? ??????????? ?????? ASUS GeForce GTX 750 Ti ??????????????? ??????????? ??????? ????????? ??????????, ??????? ??????????? ? ???, ????? ?????????? ????????? ???????? ???? ? ???????? ?????? ????????.</p>\r\n', NULL),
(1031, 1, NULL, 2, NULL, NULL, NULL, NULL, NULL),
(1031, 2, NULL, 2200, NULL, NULL, NULL, NULL, NULL),
(1031, 3, NULL, NULL, NULL, NULL, NULL, NULL, 'AM2'),
(1031, 4, NULL, 256, NULL, NULL, NULL, NULL, NULL),
(1031, 5, NULL, 1024, NULL, NULL, NULL, NULL, NULL),
(1032, 1, NULL, 2, NULL, NULL, NULL, NULL, NULL),
(1032, 2, NULL, 2300, NULL, NULL, NULL, NULL, NULL),
(1032, 3, NULL, NULL, NULL, NULL, NULL, NULL, 'AM2'),
(1032, 4, NULL, 256, NULL, NULL, NULL, NULL, NULL),
(1032, 5, NULL, 1024, NULL, NULL, NULL, NULL, NULL),
(1030, 1, NULL, 2, NULL, NULL, NULL, NULL, NULL),
(1030, 2, NULL, 2400, NULL, NULL, NULL, NULL, NULL),
(1030, 3, NULL, NULL, NULL, NULL, NULL, NULL, 'AM2'),
(1030, 4, NULL, 256, NULL, NULL, NULL, NULL, NULL),
(1030, 5, NULL, 1024, NULL, NULL, NULL, NULL, NULL),
(1029, 1, NULL, 2, NULL, NULL, NULL, NULL, NULL),
(1029, 2, NULL, 2500, NULL, NULL, NULL, NULL, NULL),
(1029, 3, NULL, NULL, NULL, NULL, NULL, NULL, 'AM2'),
(1029, 4, NULL, 256, NULL, NULL, NULL, NULL, NULL),
(1029, 5, NULL, 1024, NULL, NULL, NULL, NULL, NULL),
(1027, 1, NULL, 2, NULL, NULL, NULL, NULL, NULL),
(1027, 2, NULL, 1024, NULL, NULL, NULL, NULL, NULL),
(1027, 3, NULL, NULL, NULL, NULL, NULL, NULL, 'AM2'),
(1027, 4, NULL, 256, NULL, NULL, NULL, NULL, NULL),
(1027, 5, NULL, 1024, NULL, NULL, NULL, NULL, NULL),
(1026, 1, NULL, 2, NULL, NULL, NULL, NULL, NULL),
(1026, 2, NULL, 2800, NULL, NULL, NULL, NULL, NULL),
(1026, 3, NULL, NULL, NULL, NULL, NULL, NULL, 'AM2'),
(1026, 4, NULL, 256, NULL, NULL, NULL, NULL, NULL),
(1026, 5, NULL, 1024, NULL, NULL, NULL, NULL, NULL),
(1025, 1, NULL, 2, NULL, NULL, NULL, NULL, NULL),
(1025, 2, NULL, 3000, NULL, NULL, NULL, NULL, NULL),
(1025, 3, NULL, NULL, NULL, NULL, NULL, NULL, 'AM2'),
(1025, 4, NULL, 256, NULL, NULL, NULL, NULL, NULL),
(1025, 5, NULL, 2048, NULL, NULL, NULL, NULL, NULL),
(1023, 1, NULL, 2, NULL, NULL, NULL, NULL, NULL),
(1023, 2, NULL, 2700, NULL, NULL, NULL, NULL, NULL),
(1023, 3, NULL, NULL, NULL, NULL, NULL, NULL, 'AM3'),
(1023, 4, NULL, 256, NULL, NULL, NULL, NULL, NULL),
(1023, 5, NULL, 1024, NULL, NULL, NULL, NULL, NULL),
(1022, 1, NULL, 2, NULL, NULL, NULL, NULL, NULL),
(1022, 2, NULL, 3000, NULL, NULL, NULL, NULL, NULL),
(1022, 3, NULL, NULL, NULL, NULL, NULL, NULL, 'AM3'),
(1021, 1, NULL, 2, NULL, NULL, NULL, NULL, NULL),
(1021, 2, NULL, 3200, NULL, NULL, NULL, NULL, NULL),
(1021, 3, NULL, NULL, NULL, NULL, NULL, NULL, 'AM3'),
(1021, 4, NULL, 384, NULL, NULL, NULL, NULL, NULL),
(1021, 5, NULL, 1536, NULL, NULL, NULL, NULL, NULL),
(1018, 1, NULL, 4, NULL, NULL, NULL, NULL, NULL),
(1018, 2, NULL, 3000, NULL, NULL, NULL, NULL, NULL),
(1018, 3, NULL, NULL, NULL, NULL, NULL, NULL, 'AM3'),
(1018, 4, NULL, 512, NULL, NULL, NULL, NULL, NULL),
(1018, 5, NULL, 2048, NULL, NULL, NULL, NULL, NULL),
(1028, 1, NULL, 2, NULL, NULL, NULL, NULL, NULL),
(1028, 2, NULL, 2500, NULL, NULL, NULL, NULL, NULL),
(1028, 3, NULL, NULL, NULL, NULL, NULL, NULL, 'AM2'),
(1028, 4, NULL, 256, NULL, NULL, NULL, NULL, NULL),
(1028, 5, NULL, 1024, NULL, NULL, NULL, NULL, NULL),
(1017, 1, NULL, 4, NULL, NULL, NULL, NULL, NULL),
(1017, 2, NULL, 3600, NULL, NULL, NULL, NULL, NULL),
(1017, 3, NULL, NULL, NULL, NULL, NULL, NULL, 'AM3+'),
(1017, 4, NULL, 192, NULL, NULL, NULL, NULL, NULL),
(1017, 5, NULL, 4096, NULL, NULL, NULL, NULL, NULL),
(1017, 6, NULL, 8192, NULL, NULL, NULL, NULL, NULL),
(1015, 1, NULL, 6, NULL, NULL, NULL, NULL, NULL),
(1015, 2, NULL, 3500, NULL, NULL, NULL, NULL, NULL),
(1015, 3, NULL, NULL, NULL, NULL, NULL, NULL, 'AM3+'),
(1015, 4, NULL, 288, NULL, NULL, NULL, NULL, NULL),
(1015, 5, NULL, 6144, NULL, NULL, NULL, NULL, NULL),
(1015, 6, NULL, 8192, NULL, NULL, NULL, NULL, NULL),
(1020, 1, NULL, 2, NULL, NULL, NULL, NULL, NULL),
(1020, 2, NULL, 3500, NULL, NULL, NULL, NULL, NULL),
(1020, 3, NULL, NULL, NULL, NULL, NULL, NULL, 'AM3'),
(1020, 4, NULL, 256, NULL, NULL, NULL, NULL, NULL),
(1020, 5, NULL, 2048, NULL, NULL, NULL, NULL, NULL),
(1019, 1, NULL, 2, NULL, NULL, NULL, NULL, NULL),
(1019, 2, NULL, 3200, NULL, NULL, NULL, NULL, NULL),
(1019, 3, NULL, NULL, NULL, NULL, NULL, NULL, 'AM3'),
(1019, 4, NULL, 256, NULL, NULL, NULL, NULL, NULL),
(1019, 5, NULL, 1024, NULL, NULL, NULL, NULL, NULL),
(1019, 6, NULL, 6144, NULL, NULL, NULL, NULL, NULL),
(1016, 1, NULL, 4, NULL, NULL, NULL, NULL, NULL),
(1016, 2, NULL, 3200, NULL, NULL, NULL, NULL, NULL),
(1016, 3, NULL, NULL, NULL, NULL, NULL, NULL, 'AM3'),
(1016, 4, NULL, 256, NULL, NULL, NULL, NULL, NULL),
(1016, 5, NULL, 1024, NULL, NULL, NULL, NULL, NULL),
(1016, 6, NULL, 6144, NULL, NULL, NULL, NULL, NULL),
(1024, 1, NULL, 3, NULL, NULL, NULL, NULL, NULL),
(1024, 2, NULL, 2100, NULL, NULL, NULL, NULL, NULL),
(1024, 3, NULL, NULL, NULL, NULL, NULL, NULL, 'AM2'),
(1024, 4, NULL, 384, NULL, NULL, NULL, NULL, NULL),
(1024, 5, NULL, 1536, NULL, NULL, NULL, NULL, NULL),
(1024, 6, NULL, 2048, NULL, NULL, NULL, NULL, NULL),
(1022, 4, NULL, 256, NULL, NULL, NULL, NULL, NULL),
(1022, 5, NULL, 2048, NULL, NULL, NULL, NULL, NULL),
(1014, 1, NULL, 1, NULL, NULL, NULL, NULL, NULL),
(1014, 2, NULL, 1800, NULL, NULL, NULL, NULL, NULL),
(1014, 3, NULL, NULL, NULL, NULL, NULL, NULL, 'LGA 775'),
(1014, 4, NULL, 64, NULL, NULL, NULL, NULL, NULL),
(1014, 5, NULL, 512, NULL, NULL, NULL, NULL, NULL),
(1013, 1, NULL, 1, NULL, NULL, NULL, NULL, NULL),
(1013, 2, NULL, 2800, NULL, NULL, NULL, NULL, NULL),
(1013, 3, NULL, NULL, NULL, NULL, NULL, NULL, 'LGA 775'),
(1013, 4, NULL, 16, NULL, NULL, NULL, NULL, NULL),
(1013, 5, NULL, 256, NULL, NULL, NULL, NULL, NULL),
(1010, 1, NULL, 2, NULL, NULL, NULL, NULL, NULL),
(1010, 2, NULL, 1600, NULL, NULL, NULL, NULL, NULL),
(1010, 3, NULL, NULL, NULL, NULL, NULL, NULL, 'LGA 775'),
(1010, 4, NULL, 128, NULL, NULL, NULL, NULL, NULL),
(1010, 5, NULL, 256, NULL, NULL, NULL, NULL, NULL),
(1004, 1, NULL, 2, NULL, NULL, NULL, NULL, NULL),
(1004, 2, NULL, 2400, NULL, NULL, NULL, NULL, NULL),
(1004, 3, NULL, NULL, NULL, NULL, NULL, NULL, 'LGA 775'),
(1004, 4, NULL, 128, NULL, NULL, NULL, NULL, NULL),
(1004, 5, NULL, 1024, NULL, NULL, NULL, NULL, NULL),
(1005, 1, NULL, 2, NULL, NULL, NULL, NULL, NULL),
(1005, 2, NULL, 2500, NULL, NULL, NULL, NULL, NULL),
(1005, 3, NULL, NULL, NULL, NULL, NULL, NULL, 'LGA 775'),
(1005, 4, NULL, 128, NULL, NULL, NULL, NULL, NULL),
(1005, 5, NULL, 1024, NULL, NULL, NULL, NULL, NULL),
(998, 1, NULL, 2, NULL, NULL, NULL, NULL, NULL),
(998, 2, NULL, 2600, NULL, NULL, NULL, NULL, NULL),
(998, 3, NULL, NULL, NULL, NULL, NULL, NULL, 'LGA 775'),
(998, 4, NULL, 128, NULL, NULL, NULL, NULL, NULL),
(998, 5, NULL, 1024, NULL, NULL, NULL, NULL, NULL),
(1006, 1, NULL, 2, NULL, NULL, NULL, NULL, NULL),
(1006, 2, NULL, 1800, NULL, NULL, NULL, NULL, NULL),
(1006, 3, NULL, NULL, NULL, NULL, NULL, NULL, 'LGA 775'),
(1006, 4, NULL, 128, NULL, NULL, NULL, NULL, NULL),
(1006, 5, NULL, 2048, NULL, NULL, NULL, NULL, NULL),
(1001, 1, NULL, 2, NULL, NULL, NULL, NULL, NULL),
(1001, 2, NULL, 2000, NULL, NULL, NULL, NULL, NULL),
(1001, 3, NULL, NULL, NULL, NULL, NULL, NULL, 'LGA 775'),
(1001, 4, NULL, 128, NULL, NULL, NULL, NULL, NULL),
(1001, 5, NULL, 2048, NULL, NULL, NULL, NULL, NULL),
(999, 1, NULL, 2, NULL, NULL, NULL, NULL, NULL),
(999, 2, NULL, 2200, NULL, NULL, NULL, NULL, NULL),
(999, 3, NULL, NULL, NULL, NULL, NULL, NULL, 'LGA 775'),
(999, 4, NULL, 128, NULL, NULL, NULL, NULL, NULL),
(999, 5, NULL, 2048, NULL, NULL, NULL, NULL, NULL),
(996, 1, NULL, 2, NULL, NULL, NULL, NULL, NULL),
(996, 2, NULL, 2600, NULL, NULL, NULL, NULL, NULL),
(996, 3, NULL, NULL, NULL, NULL, NULL, NULL, 'LGA 775'),
(996, 4, NULL, 128, NULL, NULL, NULL, NULL, NULL),
(996, 5, NULL, 2048, NULL, NULL, NULL, NULL, NULL),
(1002, 1, NULL, 2, NULL, NULL, NULL, NULL, NULL),
(1002, 2, NULL, 1867, NULL, NULL, NULL, NULL, NULL),
(1002, 3, NULL, NULL, NULL, NULL, NULL, NULL, 'LGA 775'),
(1002, 4, NULL, 128, NULL, NULL, NULL, NULL, NULL),
(1002, 5, NULL, 4096, NULL, NULL, NULL, NULL, NULL),
(997, 1, NULL, 2, NULL, NULL, NULL, NULL, NULL),
(997, 2, NULL, 2333, NULL, NULL, NULL, NULL, NULL),
(997, 3, NULL, NULL, NULL, NULL, NULL, NULL, 'LGA 775'),
(997, 4, NULL, 128, NULL, NULL, NULL, NULL, NULL),
(997, 5, NULL, 4096, NULL, NULL, NULL, NULL, NULL),
(994, 1, NULL, 2, NULL, NULL, NULL, NULL, NULL),
(994, 2, NULL, 6750, NULL, NULL, NULL, NULL, NULL),
(994, 3, NULL, NULL, NULL, NULL, NULL, NULL, 'LGA 775'),
(994, 4, NULL, 128, NULL, NULL, NULL, NULL, NULL),
(994, 5, NULL, 4096, NULL, NULL, NULL, NULL, NULL),
(992, 1, NULL, 2, NULL, NULL, NULL, NULL, NULL),
(992, 2, NULL, 2667, NULL, NULL, NULL, NULL, NULL),
(992, 3, NULL, NULL, NULL, NULL, NULL, NULL, 'LGA 775'),
(992, 4, NULL, 128, NULL, NULL, NULL, NULL, NULL),
(992, 5, NULL, 3072, NULL, NULL, NULL, NULL, NULL),
(991, 1, NULL, 2, NULL, NULL, NULL, NULL, NULL),
(991, 2, NULL, 2800, NULL, NULL, NULL, NULL, NULL),
(991, 3, NULL, NULL, NULL, NULL, NULL, NULL, 'LGA 775'),
(991, 4, NULL, 128, NULL, NULL, NULL, NULL, NULL),
(991, 5, NULL, 3072, NULL, NULL, NULL, NULL, NULL),
(989, 1, NULL, 2, NULL, NULL, NULL, NULL, NULL),
(989, 2, NULL, 2933, NULL, NULL, NULL, NULL, NULL),
(989, 3, NULL, NULL, NULL, NULL, NULL, NULL, 'LGA 775'),
(989, 4, NULL, 128, NULL, NULL, NULL, NULL, NULL),
(989, 5, NULL, 3072, NULL, NULL, NULL, NULL, NULL),
(993, 1, NULL, 2, NULL, NULL, NULL, NULL, NULL),
(993, 2, NULL, 2667, NULL, NULL, NULL, NULL, NULL),
(993, 3, NULL, NULL, NULL, NULL, NULL, NULL, 'LGA 775'),
(993, 4, NULL, 128, NULL, NULL, NULL, NULL, NULL),
(993, 5, NULL, 6144, NULL, NULL, NULL, NULL, NULL),
(990, 1, NULL, 2, NULL, NULL, NULL, NULL, NULL),
(990, 2, NULL, 3000, NULL, NULL, NULL, NULL, NULL),
(990, 3, NULL, NULL, NULL, NULL, NULL, NULL, 'LGA 775'),
(990, 4, NULL, 128, NULL, NULL, NULL, NULL, NULL),
(990, 5, NULL, 6144, NULL, NULL, NULL, NULL, NULL),
(988, 1, NULL, 4, NULL, NULL, NULL, NULL, NULL),
(988, 2, NULL, 2667, NULL, NULL, NULL, NULL, NULL),
(988, 3, NULL, NULL, NULL, NULL, NULL, NULL, 'LGA 775'),
(988, 4, NULL, 256, NULL, NULL, NULL, NULL, NULL),
(988, 5, NULL, 6144, NULL, NULL, NULL, NULL, NULL),
(985, 1, NULL, 2, NULL, NULL, NULL, NULL, NULL),
(985, 2, NULL, 3100, NULL, NULL, NULL, NULL, NULL),
(985, 3, NULL, NULL, NULL, NULL, NULL, NULL, 'LGA 1155'),
(985, 4, NULL, 128, NULL, NULL, NULL, NULL, NULL),
(985, 5, NULL, 512, NULL, NULL, NULL, NULL, NULL),
(985, 6, NULL, 3072, NULL, NULL, NULL, NULL, NULL),
(984, 1, NULL, 2, NULL, NULL, NULL, NULL, NULL),
(984, 2, NULL, 3300, NULL, NULL, NULL, NULL, NULL),
(984, 3, NULL, NULL, NULL, NULL, NULL, NULL, 'LGA 1155'),
(984, 4, NULL, 128, NULL, NULL, NULL, NULL, NULL),
(984, 5, NULL, 512, NULL, NULL, NULL, NULL, NULL),
(984, 6, NULL, 3072, NULL, NULL, NULL, NULL, NULL),
(983, 1, NULL, 4, NULL, NULL, NULL, NULL, NULL),
(983, 2, NULL, 2700, NULL, NULL, NULL, NULL, NULL),
(983, 3, NULL, NULL, NULL, NULL, NULL, NULL, 'LGA 1155'),
(983, 4, NULL, 256, NULL, NULL, NULL, NULL, NULL),
(983, 5, NULL, 1024, NULL, NULL, NULL, NULL, NULL),
(983, 6, NULL, 6144, NULL, NULL, NULL, NULL, NULL),
(982, 1, NULL, 4, NULL, NULL, NULL, NULL, NULL),
(982, 2, NULL, 3100, NULL, NULL, NULL, NULL, NULL),
(982, 3, NULL, NULL, NULL, NULL, NULL, NULL, 'LGA 1155'),
(982, 4, NULL, 256, NULL, NULL, NULL, NULL, NULL),
(982, 5, NULL, 1024, NULL, NULL, NULL, NULL, NULL),
(982, 6, NULL, 6144, NULL, NULL, NULL, NULL, NULL),
(1012, 1, NULL, 1, NULL, NULL, NULL, NULL, NULL),
(1012, 2, NULL, 3200, NULL, NULL, NULL, NULL, NULL),
(1012, 3, NULL, NULL, NULL, NULL, NULL, NULL, 'LGA 775'),
(1012, 4, NULL, 16, NULL, NULL, NULL, NULL, NULL),
(1012, 5, NULL, 2048, NULL, NULL, NULL, NULL, NULL),
(1007, 1, NULL, 2, NULL, NULL, NULL, NULL, NULL),
(1007, 2, NULL, 3400, NULL, NULL, NULL, NULL, NULL),
(1007, 3, NULL, NULL, NULL, NULL, NULL, NULL, 'LGA 775'),
(1007, 4, NULL, 16, NULL, NULL, NULL, NULL, NULL),
(1007, 5, NULL, 4096, NULL, NULL, NULL, NULL, NULL),
(1011, 1, NULL, 2, NULL, NULL, NULL, NULL, NULL),
(1011, 2, NULL, 1800, NULL, NULL, NULL, NULL, NULL),
(1011, 3, NULL, NULL, NULL, NULL, NULL, NULL, 'LGA 775'),
(1011, 4, NULL, 128, NULL, NULL, NULL, NULL, NULL),
(1011, 5, NULL, 1024, NULL, NULL, NULL, NULL, NULL),
(1008, 1, NULL, 2, NULL, NULL, NULL, NULL, NULL),
(1008, 2, NULL, 2000, NULL, NULL, NULL, NULL, NULL),
(1008, 3, NULL, NULL, NULL, NULL, NULL, NULL, 'LGA 775'),
(1008, 4, NULL, 128, NULL, NULL, NULL, NULL, NULL),
(1008, 5, NULL, 1024, NULL, NULL, NULL, NULL, NULL),
(1009, 1, NULL, 2, NULL, NULL, NULL, NULL, NULL),
(1009, 2, NULL, 2200, NULL, NULL, NULL, NULL, NULL),
(1009, 3, NULL, NULL, NULL, NULL, NULL, NULL, 'LGA 775'),
(1009, 4, NULL, 128, NULL, NULL, NULL, NULL, NULL),
(1009, 5, NULL, 1024, NULL, NULL, NULL, NULL, NULL),
(1003, 1, NULL, 2, NULL, NULL, NULL, NULL, NULL),
(1003, 2, NULL, 2600, NULL, NULL, NULL, NULL, NULL),
(1003, 3, NULL, NULL, NULL, NULL, NULL, NULL, 'LGA 775'),
(1003, 4, NULL, 128, NULL, NULL, NULL, NULL, NULL),
(1003, 5, NULL, 2048, NULL, NULL, NULL, NULL, NULL),
(1000, 1, NULL, 2, NULL, NULL, NULL, NULL, NULL),
(1000, 2, NULL, 2700, NULL, NULL, NULL, NULL, NULL),
(1000, 3, NULL, NULL, NULL, NULL, NULL, NULL, 'LGA 775'),
(1000, 4, NULL, 128, NULL, NULL, NULL, NULL, NULL),
(1000, 5, NULL, 2048, NULL, NULL, NULL, NULL, NULL),
(995, 1, NULL, 2, NULL, NULL, NULL, NULL, NULL),
(995, 2, NULL, 3000, NULL, NULL, NULL, NULL, NULL),
(995, 3, NULL, NULL, NULL, NULL, NULL, NULL, 'LGA 775'),
(995, 4, NULL, 128, NULL, NULL, NULL, NULL, NULL),
(995, 5, NULL, 2048, NULL, NULL, NULL, NULL, NULL),
(986, 1, NULL, 2, NULL, NULL, NULL, NULL, NULL),
(986, 2, NULL, 2700, NULL, NULL, NULL, NULL, NULL),
(986, 3, NULL, NULL, NULL, NULL, NULL, NULL, 'LGA 1155'),
(986, 4, NULL, 128, NULL, NULL, NULL, NULL, NULL),
(986, 5, NULL, 512, NULL, NULL, NULL, NULL, NULL),
(986, 6, NULL, 3072, NULL, NULL, NULL, NULL, NULL),
(987, 1, NULL, 4, NULL, NULL, NULL, NULL, NULL),
(987, 2, NULL, 3000, NULL, NULL, NULL, NULL, NULL),
(987, 3, NULL, NULL, NULL, NULL, NULL, NULL, 'LGA 775'),
(987, 4, NULL, 128, NULL, NULL, NULL, NULL, NULL),
(987, 5, NULL, 12288, NULL, NULL, NULL, NULL, NULL),
(971, 8, 1, NULL, NULL, NULL, NULL, NULL, NULL),
(971, 9, NULL, 256, NULL, NULL, NULL, NULL, NULL),
(971, 12, NULL, NULL, NULL, NULL, NULL, NULL, '2.0'),
(971, 14, NULL, NULL, NULL, NULL, NULL, '<p>NVIDIA® GeForce® 9600 GT GPU ?????????? ?????? ????????????? ??????????????? ??????????? ??? ????????????? ??? ? ????? ??????? ????????. ??????? ? ???????? ???? DirectX® 10 ? ?????????? ??????? ????????? ? ???????? ??????? ? ????? HD DVD ? Blu-ray ? ???????????? ?????? ????????????. ? ?????????? ?????????? ?????? ????????? GeForce ? PureVideo® HD ??????????? ????????? GeForce 9600 GT ?????? ??? ??? ?????? ? ?????????? ????.</p>\r\n', NULL),
(971, 11, NULL, 400, NULL, NULL, NULL, NULL, NULL),
(971, 13, NULL, NULL, NULL, NULL, NULL, NULL, '6 pin'),
(971, 7, NULL, 512, NULL, NULL, NULL, NULL, NULL),
(971, 10, NULL, NULL, NULL, NULL, NULL, NULL, 'GDDR3'),
(980, 8, 0, NULL, NULL, NULL, NULL, NULL, NULL),
(980, 9, NULL, 64, NULL, NULL, NULL, NULL, NULL),
(980, 12, NULL, NULL, NULL, NULL, NULL, NULL, '2.0'),
(980, 14, NULL, NULL, NULL, NULL, NULL, '<p>????? ????????????, ????? ?????? ???? ? ???? ??. ???? GeForce® GT 520 ???????? ???? ???????? ?????????????? ?????????? ? HD ?????, ??????????? ? ?????? Blu-Ray 3D ? ?????? ? ???????? ???? DX11. ??????????? ??????? ????????? ? ??????? GPU-?????????? ????????? HTML5, ????? ??? Google Chrome ? Internet Explorer® 9.</p>\r\n', NULL),
(980, 11, NULL, 350, NULL, NULL, NULL, NULL, NULL),
(980, 13, NULL, NULL, NULL, NULL, NULL, NULL, '???'),
(980, 7, NULL, 1024, NULL, NULL, NULL, NULL, NULL),
(980, 10, NULL, NULL, NULL, NULL, NULL, NULL, 'GDDR3'),
(957, 8, 1, NULL, NULL, NULL, NULL, NULL, NULL),
(957, 9, NULL, 192, NULL, NULL, NULL, NULL, NULL),
(957, 12, NULL, NULL, NULL, NULL, NULL, NULL, '3.0'),
(957, 14, NULL, NULL, NULL, NULL, NULL, '<p>?????????? GeForce GTX 660 ???????? ????????, ?????????????????? ? ??????????? ????. GPU Boost ??????????? ???????? ???????? ??????? ?????????? ??? ?????????????? ??????????????????. ????? ?????? ??????????? ????????? ?????????? ??????????? ??? ?????? ??? ??????? ????? ??????, ? ?????????? NVIDIA Surround ????????? ?????? ?? ???? ????????? ? ????? ??????????.</p>\r\n', NULL),
(957, 11, NULL, 550, NULL, NULL, NULL, NULL, NULL),
(957, 13, NULL, NULL, NULL, NULL, NULL, NULL, '6+6 pin'),
(957, 7, NULL, 2048, NULL, NULL, NULL, NULL, NULL),
(957, 10, NULL, NULL, NULL, NULL, NULL, NULL, 'GDDR5'),
(973, 8, 1, NULL, NULL, NULL, NULL, NULL, NULL),
(973, 9, NULL, 256, NULL, NULL, NULL, NULL, NULL),
(973, 12, NULL, NULL, NULL, NULL, NULL, NULL, '2.0'),
(973, 14, NULL, NULL, NULL, NULL, NULL, '<p>NVIDIA® GeForce® 9600 GT GPU ?????????? ?????? ????????????? ??????????????? ??????????? ??? ????????????? ??? ? ????? ??????? ????????. ??????? ? ???????? ???? DirectX® 10 ? ?????????? ??????? ????????? ? ???????? ??????? ? ????? HD DVD ? Blu-ray ? ???????????? ?????? ????????????. ? ?????????? ?????????? ?????? ????????? GeForce ? PureVideo® HD ??????????? ????????? GeForce 9600 GT ?????? ??? ??? ?????? ? ?????????? ????.</p>\r\n', NULL),
(973, 11, NULL, 400, NULL, NULL, NULL, NULL, NULL),
(973, 13, NULL, NULL, NULL, NULL, NULL, NULL, '6 pin'),
(973, 7, NULL, 512, NULL, NULL, NULL, NULL, NULL),
(973, 10, NULL, NULL, NULL, NULL, NULL, NULL, 'GDDR3'),
(962, 8, 1, NULL, NULL, NULL, NULL, NULL, NULL),
(962, 9, NULL, 128, NULL, NULL, NULL, NULL, NULL),
(962, 12, NULL, NULL, NULL, NULL, NULL, NULL, '2.0'),
(962, 14, NULL, NULL, NULL, NULL, NULL, '<p>NVIDIA® GeForce® GTS 450 ?????????? ??????????????? ??????????? ????/?????????????????? ? ???????? ????????? ???????? ??? ?????? ?? ???? LAN. ????????? ??????????? ???????? ?????????????????? ??? ????????? ????????? ??? ?????? DirectX 11 ??????????? ????????? GeForce GTS 450 ????????? ?????? ???? ??????????? ? ????? ????????????? ??????????? ??????? ? ????????? ??????? ???????? DirectX 11, ????? ??? <em>Civilization V</em>*. ????????? ??????? ? ??????? ??????????, ??????? NVIDIA® 3D Vision, NVIDIA® PhysX, ?????????????????????? ???????? NVIDIA GeForce ? ?????? ??????, ? GeForce GTS 450 ???????????? ??????????? ??????????? ????????.</p>\r\n', NULL),
(962, 11, NULL, 450, NULL, NULL, NULL, NULL, NULL),
(962, 13, NULL, NULL, NULL, NULL, NULL, NULL, '6 pin'),
(962, 7, NULL, 1024, NULL, NULL, NULL, NULL, NULL),
(962, 10, NULL, NULL, NULL, NULL, NULL, NULL, 'GDDR5'),
(963, 8, 1, NULL, NULL, NULL, NULL, NULL, NULL),
(963, 9, NULL, 448, NULL, NULL, NULL, NULL, NULL),
(963, 12, NULL, NULL, NULL, NULL, NULL, NULL, '2.0'),
(963, 14, NULL, NULL, NULL, NULL, NULL, '<p>??????????? ? ??? ??????? ???????? ??? ???????, ??? ??????? ?????, ? ????? ?????????? ??????????? ??????????? NVIDIA® GeForce® GTX 260. ? ???????????? ???????????? NVIDIA GeForce GTX 200 ?????????????? ? ?????????? ?????????? ???????????.<br />\r\n<br />\r\n??????????? ???????? ?????? ? ??????? ????????, ????????????? ??????????? ? ????????? ??????????????? ?????? ???????, ??? ???? ?????? ?????? ???????? ?? ??????????, ? ?????? ????? ?????? ??? ??????? ? ?????? ????? ??????. ?????? ??? ?? ?????? ???????? Blu-ray ?????? ? ?????????? ????? ?? 7 ??? ???????, ??? ? ??????? ????????????? CPU<sup>1</sup>.</p>\r\n', NULL),
(963, 11, NULL, 500, NULL, NULL, NULL, NULL, NULL),
(963, 13, NULL, NULL, NULL, NULL, NULL, NULL, '6+6 pin'),
(963, 7, NULL, 896, NULL, NULL, NULL, NULL, NULL),
(963, 10, NULL, NULL, NULL, NULL, NULL, NULL, 'GDDR3'),
(945, 8, 0, NULL, NULL, NULL, NULL, NULL, NULL),
(945, 9, NULL, 128, NULL, NULL, NULL, NULL, NULL),
(945, 11, NULL, 350, NULL, NULL, NULL, NULL, NULL),
(945, 13, NULL, NULL, NULL, NULL, NULL, NULL, '???'),
(945, 7, NULL, 1024, NULL, NULL, NULL, NULL, NULL),
(945, 10, NULL, NULL, NULL, NULL, NULL, NULL, 'GDDR2'),
(960, 8, 1, NULL, NULL, NULL, NULL, NULL, NULL),
(960, 9, NULL, 192, NULL, NULL, NULL, NULL, NULL),
(960, 12, NULL, NULL, NULL, NULL, NULL, NULL, '2.0'),
(960, 14, NULL, NULL, NULL, NULL, NULL, '<p>???????? GeForce GTX ? ?????? ??? ???? ?????????? ????????????? ??? DirectX 11. ? ??????????? NVIDIA® GeForce® GTX 550 Ti, ??????? ???????? ???????? ? ????? ?? 6 ??? ?? ????????? ? ???????? ??????????? ?????????<sup>1</sup>, ???? ?? ??????????? ? ??????? ?????? ?????? ?????????.</p>\r\n', NULL),
(960, 11, NULL, 450, NULL, NULL, NULL, NULL, NULL),
(960, 13, NULL, NULL, NULL, NULL, NULL, NULL, '6 pin'),
(960, 7, NULL, 1024, NULL, NULL, NULL, NULL, NULL),
(960, 10, NULL, NULL, NULL, NULL, NULL, NULL, 'GDDR5'),
(978, 8, 1, NULL, NULL, NULL, NULL, NULL, NULL),
(978, 9, NULL, 256, NULL, NULL, NULL, NULL, NULL),
(978, 12, NULL, NULL, NULL, NULL, NULL, NULL, '2.0'),
(978, 11, NULL, 400, NULL, NULL, NULL, NULL, NULL),
(978, 13, NULL, NULL, NULL, NULL, NULL, NULL, '6 pin'),
(978, 7, NULL, 1024, NULL, NULL, NULL, NULL, NULL),
(978, 10, NULL, NULL, NULL, NULL, NULL, NULL, 'GDDR3'),
(955, 14, NULL, NULL, NULL, NULL, NULL, '<p>????????? PCI-E ? ??????? ?????? 256MB ? ?????, ?????? ?????? ????????? ? ?????????????</p>\r\n', NULL),
(970, 8, 1, NULL, NULL, NULL, NULL, NULL, NULL),
(970, 9, NULL, 256, NULL, NULL, NULL, NULL, NULL),
(970, 12, NULL, NULL, NULL, NULL, NULL, NULL, '2.0'),
(970, 14, NULL, NULL, NULL, NULL, NULL, '<p>??????????  NVIDIA® GeForce® 9800 GT ? ?????????? ?????????? SLI®. ????????????? ???????? ????????????? ? ?????????, ?????? ??? ?????????? NVIDIA PhysX * ??? ????????? ???????? ????????, ? HybridPower ??? ???????????? ?????????? ??????????????????. ? ???? ??????????? ?????????? ??????? ???, ???? ??? ????? ????????? ?????????? ???, ???? ??? ?????????? ??????? GeForce ????? 9 ?? 112 ?????? ? 256-????????? ??????? ??????.</p>\r\n', NULL),
(970, 11, NULL, 350, NULL, NULL, NULL, NULL, NULL),
(970, 13, NULL, NULL, NULL, NULL, NULL, NULL, '???'),
(970, 7, NULL, 512, NULL, NULL, NULL, NULL, NULL),
(970, 10, NULL, NULL, NULL, NULL, NULL, NULL, 'GDDR3'),
(964, 8, 0, NULL, NULL, NULL, NULL, NULL, NULL),
(964, 9, NULL, 128, NULL, NULL, NULL, NULL, NULL),
(964, 12, NULL, NULL, NULL, NULL, NULL, NULL, '3.0'),
(964, 14, NULL, NULL, NULL, NULL, NULL, '<p>?????? ?????????????????? ?????? ?? ?? 5 ??? ? ????? ??????????? ?????????? ??????????? ???????? NVIDIA GeForce GT 640<sup>1</sup>. ?????????? ???? ???? ? ????? ? ????? ? ????????? ???? ? ?????????? DirectX 11 ? ?????????? NVIDIA® PhysX® ??? ???????? ???????????? ??????? ????????. ???????? ?????? 3D ?? ???? ?? ? ??????????? NVIDIA® 3D Vision ? ?????????? ????? 650 3D ???.</p>\r\n', NULL),
(964, 11, NULL, 350, NULL, NULL, NULL, NULL, NULL),
(964, 13, NULL, NULL, NULL, NULL, NULL, NULL, '???'),
(964, 7, NULL, 2048, NULL, NULL, NULL, NULL, NULL),
(964, 10, NULL, NULL, NULL, NULL, NULL, NULL, 'GDDR3'),
(958, 8, 1, NULL, NULL, NULL, NULL, NULL, NULL),
(958, 9, NULL, 256, NULL, NULL, NULL, NULL, NULL),
(958, 12, NULL, NULL, NULL, NULL, NULL, NULL, '2.0'),
(958, 14, NULL, NULL, NULL, NULL, NULL, '<p>?????????? NVIDIA® GeForce® GTX 560 ????? ?????????????????? ? ????, ??????????? ??? ??? ???? ? ?????????? full HD 1080p. ???????? ???? ??????? ??????? ? ?????????? ?????? ????????? ??????????? DirectX11, PhsyX ? NVIDIA® 3D Vision.</p>\r\n', NULL),
(958, 11, NULL, 500, NULL, NULL, NULL, NULL, NULL),
(958, 13, NULL, NULL, NULL, NULL, NULL, NULL, '6 pin'),
(958, 7, NULL, 1024, NULL, NULL, NULL, NULL, NULL),
(958, 10, NULL, NULL, NULL, NULL, NULL, NULL, 'GDDR5'),
(950, 9, NULL, 128, NULL, NULL, NULL, NULL, NULL),
(950, 12, NULL, NULL, NULL, NULL, NULL, NULL, '2.0'),
(950, 11, NULL, 350, NULL, NULL, NULL, NULL, NULL),
(950, 13, NULL, NULL, NULL, NULL, NULL, NULL, '???'),
(950, 7, NULL, 512, NULL, NULL, NULL, NULL, NULL),
(950, 10, NULL, NULL, NULL, NULL, NULL, NULL, 'GDDR3'),
(952, 8, 1, NULL, NULL, NULL, NULL, NULL, NULL),
(952, 9, NULL, 256, NULL, NULL, NULL, NULL, NULL),
(952, 12, NULL, NULL, NULL, NULL, NULL, NULL, '2.0'),
(952, 11, NULL, 400, NULL, NULL, NULL, NULL, NULL),
(952, 13, NULL, NULL, NULL, NULL, NULL, NULL, '6 pin'),
(952, 7, NULL, 256, NULL, NULL, NULL, NULL, NULL),
(952, 10, NULL, NULL, NULL, NULL, NULL, NULL, 'GDDR3');

DROP TABLE IF EXISTS `mgcore_plugins`;
CREATE TABLE `mgcore_plugins` (
  `id` int(11) NOT NULL AUTO_INCREMENT,
  `name` varchar(100) NOT NULL,
  `options` int(11) NOT NULL DEFAULT '0',
  PRIMARY KEY (`id`)
) ENGINE=MyISAM AUTO_INCREMENT=9 DEFAULT CHARSET=utf8;

INSERT INTO `mgcore_plugins` VALUES
(5, 'catalog', 0),
(6, 'exchange', 0),
(7, 'user_manager', 0),
(8, 'z_backuper', 0);

DROP TABLE IF EXISTS `mgcore_users`;
CREATE TABLE `mgcore_users` (
  `id` int(11) NOT NULL AUTO_INCREMENT,
  `login` varchar(30) NOT NULL,
  `password` varchar(32) NOT NULL,
  `rights` int(11) NOT NULL,
  `name` varchar(30) NOT NULL,
  `email` varchar(40) NOT NULL,
  PRIMARY KEY (`id`)
) ENGINE=MyISAM AUTO_INCREMENT=2 DEFAULT CHARSET=utf8;

INSERT INTO `mgcore_users` VALUES
(1, 'admin', '21232f297a57a5a743894a0e4a801fc3', 2147483647, '', '');

